[2025-11-01 18:55:34] local.ERROR: SQLSTATE[HY000] [1049] Unknown database 'laravel' (Connection: mysql, SQL: select * from `sessions` where `id` = P3KAchaQ1cylL3eoPRrlRMPf6q7riWPdG5VPUFat limit 1) {"exception":"[object] (Illuminate\\Database\\QueryException(code: 1049): SQLSTATE[HY000] [1049] Unknown database 'laravel' (Connection: mysql, SQL: select * from `sessions` where `id` = P3KAchaQ1cylL3eoPRrlRMPf6q7riWPdG5VPUFat limit 1) at /Applications/MAMP/htdocs/block1/третий блок 2/myapp/vendor/laravel/framework/src/Illuminate/Database/Connection.php:824)
[stacktrace]
#0 /Applications/MAMP/htdocs/block1/третий блок 2/myapp/vendor/laravel/framework/src/Illuminate/Database/Connection.php(778): Illuminate\\Database\\Connection->runQueryCallback('select * from `...', Array, Object(Closure))
#1 /Applications/MAMP/htdocs/block1/третий блок 2/myapp/vendor/laravel/framework/src/Illuminate/Database/Connection.php(397): Illuminate\\Database\\Connection->run('select * from `...', Array, Object(Closure))
#2 /Applications/MAMP/htdocs/block1/третий блок 2/myapp/vendor/laravel/framework/src/Illuminate/Database/Query/Builder.php(3188): Illuminate\\Database\\Connection->select('select * from `...', Array, false)
#3 /Applications/MAMP/htdocs/block1/третий блок 2/myapp/vendor/laravel/framework/src/Illuminate/Database/Query/Builder.php(3173): Illuminate\\Database\\Query\\Builder->runSelect()
#4 /Applications/MAMP/htdocs/block1/третий блок 2/myapp/vendor/laravel/framework/src/Illuminate/Database/Query/Builder.php(3763): Illuminate\\Database\\Query\\Builder->{closure:Illuminate\\Database\\Query\\Builder::get():3172}()
#5 /Applications/MAMP/htdocs/block1/третий блок 2/myapp/vendor/laravel/framework/src/Illuminate/Database/Query/Builder.php(3172): Illuminate\\Database\\Query\\Builder->onceWithColumns(Array, Object(Closure))
#6 /Applications/MAMP/htdocs/block1/третий блок 2/myapp/vendor/laravel/framework/src/Illuminate/Database/Concerns/BuildsQueries.php(366): Illuminate\\Database\\Query\\Builder->get(Array)
#7 /Applications/MAMP/htdocs/block1/третий блок 2/myapp/vendor/laravel/framework/src/Illuminate/Database/Query/Builder.php(3095): Illuminate\\Database\\Query\\Builder->first(Array)
#8 /Applications/MAMP/htdocs/block1/третий блок 2/myapp/vendor/laravel/framework/src/Illuminate/Session/DatabaseSessionHandler.php(96): Illuminate\\Database\\Query\\Builder->find('P3KAchaQ1cylL3e...')
#9 /Applications/MAMP/htdocs/block1/третий блок 2/myapp/vendor/laravel/framework/src/Illuminate/Session/Store.php(117): Illuminate\\Session\\DatabaseSessionHandler->read('P3KAchaQ1cylL3e...')
#10 /Applications/MAMP/htdocs/block1/третий блок 2/myapp/vendor/laravel/framework/src/Illuminate/Session/Store.php(105): Illuminate\\Session\\Store->readFromHandler()
#11 /Applications/MAMP/htdocs/block1/третий блок 2/myapp/vendor/laravel/framework/src/Illuminate/Session/Store.php(89): Illuminate\\Session\\Store->loadSession()
#12 /Applications/MAMP/htdocs/block1/третий блок 2/myapp/vendor/laravel/framework/src/Illuminate/Session/Middleware/StartSession.php(146): Illuminate\\Session\\Store->start()
#13 /Applications/MAMP/htdocs/block1/третий блок 2/myapp/vendor/laravel/framework/src/Illuminate/Support/helpers.php(390): Illuminate\\Session\\Middleware\\StartSession->{closure:Illuminate\\Session\\Middleware\\StartSession::startSession():143}(Object(Illuminate\\Session\\Store))
#14 /Applications/MAMP/htdocs/block1/третий блок 2/myapp/vendor/laravel/framework/src/Illuminate/Session/Middleware/StartSession.php(143): tap(Object(Illuminate\\Session\\Store), Object(Closure))
#15 /Applications/MAMP/htdocs/block1/третий блок 2/myapp/vendor/laravel/framework/src/Illuminate/Session/Middleware/StartSession.php(115): Illuminate\\Session\\Middleware\\StartSession->startSession(Object(Illuminate\\Http\\Request), Object(Illuminate\\Session\\Store))
#16 /Applications/MAMP/htdocs/block1/третий блок 2/myapp/vendor/laravel/framework/src/Illuminate/Session/Middleware/StartSession.php(63): Illuminate\\Session\\Middleware\\StartSession->handleStatefulRequest(Object(Illuminate\\Http\\Request), Object(Illuminate\\Session\\Store), Object(Closure))
#17 /Applications/MAMP/htdocs/block1/третий блок 2/myapp/vendor/laravel/framework/src/Illuminate/Pipeline/Pipeline.php(219): Illuminate\\Session\\Middleware\\StartSession->handle(Object(Illuminate\\Http\\Request), Object(Closure))
#18 /Applications/MAMP/htdocs/block1/третий блок 2/myapp/vendor/laravel/framework/src/Illuminate/Cookie/Middleware/AddQueuedCookiesToResponse.php(36): Illuminate\\Pipeline\\Pipeline->{closure:{closure:Illuminate\\Pipeline\\Pipeline::carry():194}:195}(Object(Illuminate\\Http\\Request))
#19 /Applications/MAMP/htdocs/block1/третий блок 2/myapp/vendor/laravel/framework/src/Illuminate/Pipeline/Pipeline.php(219): Illuminate\\Cookie\\Middleware\\AddQueuedCookiesToResponse->handle(Object(Illuminate\\Http\\Request), Object(Closure))
#20 /Applications/MAMP/htdocs/block1/третий блок 2/myapp/vendor/laravel/framework/src/Illuminate/Cookie/Middleware/EncryptCookies.php(74): Illuminate\\Pipeline\\Pipeline->{closure:{closure:Illuminate\\Pipeline\\Pipeline::carry():194}:195}(Object(Illuminate\\Http\\Request))
#21 /Applications/MAMP/htdocs/block1/третий блок 2/myapp/vendor/laravel/framework/src/Illuminate/Pipeline/Pipeline.php(219): Illuminate\\Cookie\\Middleware\\EncryptCookies->handle(Object(Illuminate\\Http\\Request), Object(Closure))
#22 /Applications/MAMP/htdocs/block1/третий блок 2/myapp/vendor/laravel/framework/src/Illuminate/Pipeline/Pipeline.php(137): Illuminate\\Pipeline\\Pipeline->{closure:{closure:Illuminate\\Pipeline\\Pipeline::carry():194}:195}(Object(Illuminate\\Http\\Request))
#23 /Applications/MAMP/htdocs/block1/третий блок 2/myapp/vendor/laravel/framework/src/Illuminate/Routing/Router.php(821): Illuminate\\Pipeline\\Pipeline->then(Object(Closure))
#24 /Applications/MAMP/htdocs/block1/третий блок 2/myapp/vendor/laravel/framework/src/Illuminate/Routing/Router.php(800): Illuminate\\Routing\\Router->runRouteWithinStack(Object(Illuminate\\Routing\\Route), Object(Illuminate\\Http\\Request))
#25 /Applications/MAMP/htdocs/block1/третий блок 2/myapp/vendor/laravel/framework/src/Illuminate/Routing/Router.php(764): Illuminate\\Routing\\Router->runRoute(Object(Illuminate\\Http\\Request), Object(Illuminate\\Routing\\Route))
#26 /Applications/MAMP/htdocs/block1/третий блок 2/myapp/vendor/laravel/framework/src/Illuminate/Routing/Router.php(753): Illuminate\\Routing\\Router->dispatchToRoute(Object(Illuminate\\Http\\Request))
#27 /Applications/MAMP/htdocs/block1/третий блок 2/myapp/vendor/laravel/framework/src/Illuminate/Foundation/Http/Kernel.php(200): Illuminate\\Routing\\Router->dispatch(Object(Illuminate\\Http\\Request))
#28 /Applications/MAMP/htdocs/block1/третий блок 2/myapp/vendor/laravel/framework/src/Illuminate/Pipeline/Pipeline.php(180): Illuminate\\Foundation\\Http\\Kernel->{closure:Illuminate\\Foundation\\Http\\Kernel::dispatchToRouter():197}(Object(Illuminate\\Http\\Request))
#29 /Applications/MAMP/htdocs/block1/третий блок 2/myapp/vendor/laravel/framework/src/Illuminate/Foundation/Http/Middleware/TransformsRequest.php(21): Illuminate\\Pipeline\\Pipeline->{closure:Illuminate\\Pipeline\\Pipeline::prepareDestination():178}(Object(Illuminate\\Http\\Request))
#30 /Applications/MAMP/htdocs/block1/третий блок 2/myapp/vendor/laravel/framework/src/Illuminate/Foundation/Http/Middleware/ConvertEmptyStringsToNull.php(31): Illuminate\\Foundation\\Http\\Middleware\\TransformsRequest->handle(Object(Illuminate\\Http\\Request), Object(Closure))
#31 /Applications/MAMP/htdocs/block1/третий блок 2/myapp/vendor/laravel/framework/src/Illuminate/Pipeline/Pipeline.php(219): Illuminate\\Foundation\\Http\\Middleware\\ConvertEmptyStringsToNull->handle(Object(Illuminate\\Http\\Request), Object(Closure))
#32 /Applications/MAMP/htdocs/block1/третий блок 2/myapp/vendor/laravel/framework/src/Illuminate/Foundation/Http/Middleware/TransformsRequest.php(21): Illuminate\\Pipeline\\Pipeline->{closure:{closure:Illuminate\\Pipeline\\Pipeline::carry():194}:195}(Object(Illuminate\\Http\\Request))
#33 /Applications/MAMP/htdocs/block1/третий блок 2/myapp/vendor/laravel/framework/src/Illuminate/Foundation/Http/Middleware/TrimStrings.php(51): Illuminate\\Foundation\\Http\\Middleware\\TransformsRequest->handle(Object(Illuminate\\Http\\Request), Object(Closure))
#34 /Applications/MAMP/htdocs/block1/третий блок 2/myapp/vendor/laravel/framework/src/Illuminate/Pipeline/Pipeline.php(219): Illuminate\\Foundation\\Http\\Middleware\\TrimStrings->handle(Object(Illuminate\\Http\\Request), Object(Closure))
#35 /Applications/MAMP/htdocs/block1/третий блок 2/myapp/vendor/laravel/framework/src/Illuminate/Http/Middleware/ValidatePostSize.php(27): Illuminate\\Pipeline\\Pipeline->{closure:{closure:Illuminate\\Pipeline\\Pipeline::carry():194}:195}(Object(Illuminate\\Http\\Request))
#36 /Applications/MAMP/htdocs/block1/третий блок 2/myapp/vendor/laravel/framework/src/Illuminate/Pipeline/Pipeline.php(219): Illuminate\\Http\\Middleware\\ValidatePostSize->handle(Object(Illuminate\\Http\\Request), Object(Closure))
#37 /Applications/MAMP/htdocs/block1/третий блок 2/myapp/vendor/laravel/framework/src/Illuminate/Foundation/Http/Middleware/PreventRequestsDuringMaintenance.php(109): Illuminate\\Pipeline\\Pipeline->{closure:{closure:Illuminate\\Pipeline\\Pipeline::carry():194}:195}(Object(Illuminate\\Http\\Request))
#38 /Applications/MAMP/htdocs/block1/третий блок 2/myapp/vendor/laravel/framework/src/Illuminate/Pipeline/Pipeline.php(219): Illuminate\\Foundation\\Http\\Middleware\\PreventRequestsDuringMaintenance->handle(Object(Illuminate\\Http\\Request), Object(Closure))
#39 /Applications/MAMP/htdocs/block1/третий блок 2/myapp/vendor/laravel/framework/src/Illuminate/Http/Middleware/HandleCors.php(48): Illuminate\\Pipeline\\Pipeline->{closure:{closure:Illuminate\\Pipeline\\Pipeline::carry():194}:195}(Object(Illuminate\\Http\\Request))
#40 /Applications/MAMP/htdocs/block1/третий блок 2/myapp/vendor/laravel/framework/src/Illuminate/Pipeline/Pipeline.php(219): Illuminate\\Http\\Middleware\\HandleCors->handle(Object(Illuminate\\Http\\Request), Object(Closure))
#41 /Applications/MAMP/htdocs/block1/третий блок 2/myapp/vendor/laravel/framework/src/Illuminate/Http/Middleware/TrustProxies.php(58): Illuminate\\Pipeline\\Pipeline->{closure:{closure:Illuminate\\Pipeline\\Pipeline::carry():194}:195}(Object(Illuminate\\Http\\Request))
#42 /Applications/MAMP/htdocs/block1/третий блок 2/myapp/vendor/laravel/framework/src/Illuminate/Pipeline/Pipeline.php(219): Illuminate\\Http\\Middleware\\TrustProxies->handle(Object(Illuminate\\Http\\Request), Object(Closure))
#43 /Applications/MAMP/htdocs/block1/третий блок 2/myapp/vendor/laravel/framework/src/Illuminate/Foundation/Http/Middleware/InvokeDeferredCallbacks.php(22): Illuminate\\Pipeline\\Pipeline->{closure:{closure:Illuminate\\Pipeline\\Pipeline::carry():194}:195}(Object(Illuminate\\Http\\Request))
#44 /Applications/MAMP/htdocs/block1/третий блок 2/myapp/vendor/laravel/framework/src/Illuminate/Pipeline/Pipeline.php(219): Illuminate\\Foundation\\Http\\Middleware\\InvokeDeferredCallbacks->handle(Object(Illuminate\\Http\\Request), Object(Closure))
#45 /Applications/MAMP/htdocs/block1/третий блок 2/myapp/vendor/laravel/framework/src/Illuminate/Http/Middleware/ValidatePathEncoding.php(26): Illuminate\\Pipeline\\Pipeline->{closure:{closure:Illuminate\\Pipeline\\Pipeline::carry():194}:195}(Object(Illuminate\\Http\\Request))
#46 /Applications/MAMP/htdocs/block1/третий блок 2/myapp/vendor/laravel/framework/src/Illuminate/Pipeline/Pipeline.php(219): Illuminate\\Http\\Middleware\\ValidatePathEncoding->handle(Object(Illuminate\\Http\\Request), Object(Closure))
#47 /Applications/MAMP/htdocs/block1/третий блок 2/myapp/vendor/laravel/framework/src/Illuminate/Pipeline/Pipeline.php(137): Illuminate\\Pipeline\\Pipeline->{closure:{closure:Illuminate\\Pipeline\\Pipeline::carry():194}:195}(Object(Illuminate\\Http\\Request))
#48 /Applications/MAMP/htdocs/block1/третий блок 2/myapp/vendor/laravel/framework/src/Illuminate/Foundation/Http/Kernel.php(175): Illuminate\\Pipeline\\Pipeline->then(Object(Closure))
#49 /Applications/MAMP/htdocs/block1/третий блок 2/myapp/vendor/laravel/framework/src/Illuminate/Foundation/Http/Kernel.php(144): Illuminate\\Foundation\\Http\\Kernel->sendRequestThroughRouter(Object(Illuminate\\Http\\Request))
#50 /Applications/MAMP/htdocs/block1/третий блок 2/myapp/vendor/laravel/framework/src/Illuminate/Foundation/Application.php(1220): Illuminate\\Foundation\\Http\\Kernel->handle(Object(Illuminate\\Http\\Request))
#51 /Applications/MAMP/htdocs/block1/третий блок 2/myapp/public/index.php(20): Illuminate\\Foundation\\Application->handleRequest(Object(Illuminate\\Http\\Request))
#52 /Applications/MAMP/htdocs/block1/третий блок 2/myapp/vendor/laravel/framework/src/Illuminate/Foundation/resources/server.php(23): require_once('/Applications/M...')
#53 {main}

[previous exception] [object] (PDOException(code: 1049): SQLSTATE[HY000] [1049] Unknown database 'laravel' at /Applications/MAMP/htdocs/block1/третий блок 2/myapp/vendor/laravel/framework/src/Illuminate/Database/Connectors/Connector.php:67)
[stacktrace]
#0 /Applications/MAMP/htdocs/block1/третий блок 2/myapp/vendor/laravel/framework/src/Illuminate/Database/Connectors/Connector.php(67): PDO::connect('mysql:host=127....', 'root', Object(SensitiveParameterValue), Array)
#1 /Applications/MAMP/htdocs/block1/третий блок 2/myapp/vendor/laravel/framework/src/Illuminate/Database/Connectors/Connector.php(44): Illuminate\\Database\\Connectors\\Connector->createPdoConnection('mysql:host=127....', 'root', Object(SensitiveParameterValue), Array)
#2 /Applications/MAMP/htdocs/block1/третий блок 2/myapp/vendor/laravel/framework/src/Illuminate/Database/Connectors/MySqlConnector.php(24): Illuminate\\Database\\Connectors\\Connector->createConnection('mysql:host=127....', Array, Array)
#3 /Applications/MAMP/htdocs/block1/третий блок 2/myapp/vendor/laravel/framework/src/Illuminate/Database/Connectors/ConnectionFactory.php(184): Illuminate\\Database\\Connectors\\MySqlConnector->connect(Array)
#4 [internal function]: Illuminate\\Database\\Connectors\\ConnectionFactory->{closure:Illuminate\\Database\\Connectors\\ConnectionFactory::createPdoResolverWithHosts():179}()
#5 /Applications/MAMP/htdocs/block1/третий блок 2/myapp/vendor/laravel/framework/src/Illuminate/Database/Connection.php(1234): call_user_func(Object(Closure))
#6 /Applications/MAMP/htdocs/block1/третий блок 2/myapp/vendor/laravel/framework/src/Illuminate/Database/Connection.php(511): Illuminate\\Database\\Connection->getPdo()
#7 /Applications/MAMP/htdocs/block1/третий блок 2/myapp/vendor/laravel/framework/src/Illuminate/Database/Connection.php(406): Illuminate\\Database\\Connection->getPdoForSelect(false)
#8 /Applications/MAMP/htdocs/block1/третий блок 2/myapp/vendor/laravel/framework/src/Illuminate/Database/Connection.php(811): Illuminate\\Database\\Connection->{closure:Illuminate\\Database\\Connection::select():397}('select * from `...', Array)
#9 /Applications/MAMP/htdocs/block1/третий блок 2/myapp/vendor/laravel/framework/src/Illuminate/Database/Connection.php(778): Illuminate\\Database\\Connection->runQueryCallback('select * from `...', Array, Object(Closure))
#10 /Applications/MAMP/htdocs/block1/третий блок 2/myapp/vendor/laravel/framework/src/Illuminate/Database/Connection.php(397): Illuminate\\Database\\Connection->run('select * from `...', Array, Object(Closure))
#11 /Applications/MAMP/htdocs/block1/третий блок 2/myapp/vendor/laravel/framework/src/Illuminate/Database/Query/Builder.php(3188): Illuminate\\Database\\Connection->select('select * from `...', Array, false)
#12 /Applications/MAMP/htdocs/block1/третий блок 2/myapp/vendor/laravel/framework/src/Illuminate/Database/Query/Builder.php(3173): Illuminate\\Database\\Query\\Builder->runSelect()
#13 /Applications/MAMP/htdocs/block1/третий блок 2/myapp/vendor/laravel/framework/src/Illuminate/Database/Query/Builder.php(3763): Illuminate\\Database\\Query\\Builder->{closure:Illuminate\\Database\\Query\\Builder::get():3172}()
#14 /Applications/MAMP/htdocs/block1/третий блок 2/myapp/vendor/laravel/framework/src/Illuminate/Database/Query/Builder.php(3172): Illuminate\\Database\\Query\\Builder->onceWithColumns(Array, Object(Closure))
#15 /Applications/MAMP/htdocs/block1/третий блок 2/myapp/vendor/laravel/framework/src/Illuminate/Database/Concerns/BuildsQueries.php(366): Illuminate\\Database\\Query\\Builder->get(Array)
#16 /Applications/MAMP/htdocs/block1/третий блок 2/myapp/vendor/laravel/framework/src/Illuminate/Database/Query/Builder.php(3095): Illuminate\\Database\\Query\\Builder->first(Array)
#17 /Applications/MAMP/htdocs/block1/третий блок 2/myapp/vendor/laravel/framework/src/Illuminate/Session/DatabaseSessionHandler.php(96): Illuminate\\Database\\Query\\Builder->find('P3KAchaQ1cylL3e...')
#18 /Applications/MAMP/htdocs/block1/третий блок 2/myapp/vendor/laravel/framework/src/Illuminate/Session/Store.php(117): Illuminate\\Session\\DatabaseSessionHandler->read('P3KAchaQ1cylL3e...')
#19 /Applications/MAMP/htdocs/block1/третий блок 2/myapp/vendor/laravel/framework/src/Illuminate/Session/Store.php(105): Illuminate\\Session\\Store->readFromHandler()
#20 /Applications/MAMP/htdocs/block1/третий блок 2/myapp/vendor/laravel/framework/src/Illuminate/Session/Store.php(89): Illuminate\\Session\\Store->loadSession()
#21 /Applications/MAMP/htdocs/block1/третий блок 2/myapp/vendor/laravel/framework/src/Illuminate/Session/Middleware/StartSession.php(146): Illuminate\\Session\\Store->start()
#22 /Applications/MAMP/htdocs/block1/третий блок 2/myapp/vendor/laravel/framework/src/Illuminate/Support/helpers.php(390): Illuminate\\Session\\Middleware\\StartSession->{closure:Illuminate\\Session\\Middleware\\StartSession::startSession():143}(Object(Illuminate\\Session\\Store))
#23 /Applications/MAMP/htdocs/block1/третий блок 2/myapp/vendor/laravel/framework/src/Illuminate/Session/Middleware/StartSession.php(143): tap(Object(Illuminate\\Session\\Store), Object(Closure))
#24 /Applications/MAMP/htdocs/block1/третий блок 2/myapp/vendor/laravel/framework/src/Illuminate/Session/Middleware/StartSession.php(115): Illuminate\\Session\\Middleware\\StartSession->startSession(Object(Illuminate\\Http\\Request), Object(Illuminate\\Session\\Store))
#25 /Applications/MAMP/htdocs/block1/третий блок 2/myapp/vendor/laravel/framework/src/Illuminate/Session/Middleware/StartSession.php(63): Illuminate\\Session\\Middleware\\StartSession->handleStatefulRequest(Object(Illuminate\\Http\\Request), Object(Illuminate\\Session\\Store), Object(Closure))
#26 /Applications/MAMP/htdocs/block1/третий блок 2/myapp/vendor/laravel/framework/src/Illuminate/Pipeline/Pipeline.php(219): Illuminate\\Session\\Middleware\\StartSession->handle(Object(Illuminate\\Http\\Request), Object(Closure))
#27 /Applications/MAMP/htdocs/block1/третий блок 2/myapp/vendor/laravel/framework/src/Illuminate/Cookie/Middleware/AddQueuedCookiesToResponse.php(36): Illuminate\\Pipeline\\Pipeline->{closure:{closure:Illuminate\\Pipeline\\Pipeline::carry():194}:195}(Object(Illuminate\\Http\\Request))
#28 /Applications/MAMP/htdocs/block1/третий блок 2/myapp/vendor/laravel/framework/src/Illuminate/Pipeline/Pipeline.php(219): Illuminate\\Cookie\\Middleware\\AddQueuedCookiesToResponse->handle(Object(Illuminate\\Http\\Request), Object(Closure))
#29 /Applications/MAMP/htdocs/block1/третий блок 2/myapp/vendor/laravel/framework/src/Illuminate/Cookie/Middleware/EncryptCookies.php(74): Illuminate\\Pipeline\\Pipeline->{closure:{closure:Illuminate\\Pipeline\\Pipeline::carry():194}:195}(Object(Illuminate\\Http\\Request))
#30 /Applications/MAMP/htdocs/block1/третий блок 2/myapp/vendor/laravel/framework/src/Illuminate/Pipeline/Pipeline.php(219): Illuminate\\Cookie\\Middleware\\EncryptCookies->handle(Object(Illuminate\\Http\\Request), Object(Closure))
#31 /Applications/MAMP/htdocs/block1/третий блок 2/myapp/vendor/laravel/framework/src/Illuminate/Pipeline/Pipeline.php(137): Illuminate\\Pipeline\\Pipeline->{closure:{closure:Illuminate\\Pipeline\\Pipeline::carry():194}:195}(Object(Illuminate\\Http\\Request))
#32 /Applications/MAMP/htdocs/block1/третий блок 2/myapp/vendor/laravel/framework/src/Illuminate/Routing/Router.php(821): Illuminate\\Pipeline\\Pipeline->then(Object(Closure))
#33 /Applications/MAMP/htdocs/block1/третий блок 2/myapp/vendor/laravel/framework/src/Illuminate/Routing/Router.php(800): Illuminate\\Routing\\Router->runRouteWithinStack(Object(Illuminate\\Routing\\Route), Object(Illuminate\\Http\\Request))
#34 /Applications/MAMP/htdocs/block1/третий блок 2/myapp/vendor/laravel/framework/src/Illuminate/Routing/Router.php(764): Illuminate\\Routing\\Router->runRoute(Object(Illuminate\\Http\\Request), Object(Illuminate\\Routing\\Route))
#35 /Applications/MAMP/htdocs/block1/третий блок 2/myapp/vendor/laravel/framework/src/Illuminate/Routing/Router.php(753): Illuminate\\Routing\\Router->dispatchToRoute(Object(Illuminate\\Http\\Request))
#36 /Applications/MAMP/htdocs/block1/третий блок 2/myapp/vendor/laravel/framework/src/Illuminate/Foundation/Http/Kernel.php(200): Illuminate\\Routing\\Router->dispatch(Object(Illuminate\\Http\\Request))
#37 /Applications/MAMP/htdocs/block1/третий блок 2/myapp/vendor/laravel/framework/src/Illuminate/Pipeline/Pipeline.php(180): Illuminate\\Foundation\\Http\\Kernel->{closure:Illuminate\\Foundation\\Http\\Kernel::dispatchToRouter():197}(Object(Illuminate\\Http\\Request))
#38 /Applications/MAMP/htdocs/block1/третий блок 2/myapp/vendor/laravel/framework/src/Illuminate/Foundation/Http/Middleware/TransformsRequest.php(21): Illuminate\\Pipeline\\Pipeline->{closure:Illuminate\\Pipeline\\Pipeline::prepareDestination():178}(Object(Illuminate\\Http\\Request))
#39 /Applications/MAMP/htdocs/block1/третий блок 2/myapp/vendor/laravel/framework/src/Illuminate/Foundation/Http/Middleware/ConvertEmptyStringsToNull.php(31): Illuminate\\Foundation\\Http\\Middleware\\TransformsRequest->handle(Object(Illuminate\\Http\\Request), Object(Closure))
#40 /Applications/MAMP/htdocs/block1/третий блок 2/myapp/vendor/laravel/framework/src/Illuminate/Pipeline/Pipeline.php(219): Illuminate\\Foundation\\Http\\Middleware\\ConvertEmptyStringsToNull->handle(Object(Illuminate\\Http\\Request), Object(Closure))
#41 /Applications/MAMP/htdocs/block1/третий блок 2/myapp/vendor/laravel/framework/src/Illuminate/Foundation/Http/Middleware/TransformsRequest.php(21): Illuminate\\Pipeline\\Pipeline->{closure:{closure:Illuminate\\Pipeline\\Pipeline::carry():194}:195}(Object(Illuminate\\Http\\Request))
#42 /Applications/MAMP/htdocs/block1/третий блок 2/myapp/vendor/laravel/framework/src/Illuminate/Foundation/Http/Middleware/TrimStrings.php(51): Illuminate\\Foundation\\Http\\Middleware\\TransformsRequest->handle(Object(Illuminate\\Http\\Request), Object(Closure))
#43 /Applications/MAMP/htdocs/block1/третий блок 2/myapp/vendor/laravel/framework/src/Illuminate/Pipeline/Pipeline.php(219): Illuminate\\Foundation\\Http\\Middleware\\TrimStrings->handle(Object(Illuminate\\Http\\Request), Object(Closure))
#44 /Applications/MAMP/htdocs/block1/третий блок 2/myapp/vendor/laravel/framework/src/Illuminate/Http/Middleware/ValidatePostSize.php(27): Illuminate\\Pipeline\\Pipeline->{closure:{closure:Illuminate\\Pipeline\\Pipeline::carry():194}:195}(Object(Illuminate\\Http\\Request))
#45 /Applications/MAMP/htdocs/block1/третий блок 2/myapp/vendor/laravel/framework/src/Illuminate/Pipeline/Pipeline.php(219): Illuminate\\Http\\Middleware\\ValidatePostSize->handle(Object(Illuminate\\Http\\Request), Object(Closure))
#46 /Applications/MAMP/htdocs/block1/третий блок 2/myapp/vendor/laravel/framework/src/Illuminate/Foundation/Http/Middleware/PreventRequestsDuringMaintenance.php(109): Illuminate\\Pipeline\\Pipeline->{closure:{closure:Illuminate\\Pipeline\\Pipeline::carry():194}:195}(Object(Illuminate\\Http\\Request))
#47 /Applications/MAMP/htdocs/block1/третий блок 2/myapp/vendor/laravel/framework/src/Illuminate/Pipeline/Pipeline.php(219): Illuminate\\Foundation\\Http\\Middleware\\PreventRequestsDuringMaintenance->handle(Object(Illuminate\\Http\\Request), Object(Closure))
#48 /Applications/MAMP/htdocs/block1/третий блок 2/myapp/vendor/laravel/framework/src/Illuminate/Http/Middleware/HandleCors.php(48): Illuminate\\Pipeline\\Pipeline->{closure:{closure:Illuminate\\Pipeline\\Pipeline::carry():194}:195}(Object(Illuminate\\Http\\Request))
#49 /Applications/MAMP/htdocs/block1/третий блок 2/myapp/vendor/laravel/framework/src/Illuminate/Pipeline/Pipeline.php(219): Illuminate\\Http\\Middleware\\HandleCors->handle(Object(Illuminate\\Http\\Request), Object(Closure))
#50 /Applications/MAMP/htdocs/block1/третий блок 2/myapp/vendor/laravel/framework/src/Illuminate/Http/Middleware/TrustProxies.php(58): Illuminate\\Pipeline\\Pipeline->{closure:{closure:Illuminate\\Pipeline\\Pipeline::carry():194}:195}(Object(Illuminate\\Http\\Request))
#51 /Applications/MAMP/htdocs/block1/третий блок 2/myapp/vendor/laravel/framework/src/Illuminate/Pipeline/Pipeline.php(219): Illuminate\\Http\\Middleware\\TrustProxies->handle(Object(Illuminate\\Http\\Request), Object(Closure))
#52 /Applications/MAMP/htdocs/block1/третий блок 2/myapp/vendor/laravel/framework/src/Illuminate/Foundation/Http/Middleware/InvokeDeferredCallbacks.php(22): Illuminate\\Pipeline\\Pipeline->{closure:{closure:Illuminate\\Pipeline\\Pipeline::carry():194}:195}(Object(Illuminate\\Http\\Request))
#53 /Applications/MAMP/htdocs/block1/третий блок 2/myapp/vendor/laravel/framework/src/Illuminate/Pipeline/Pipeline.php(219): Illuminate\\Foundation\\Http\\Middleware\\InvokeDeferredCallbacks->handle(Object(Illuminate\\Http\\Request), Object(Closure))
#54 /Applications/MAMP/htdocs/block1/третий блок 2/myapp/vendor/laravel/framework/src/Illuminate/Http/Middleware/ValidatePathEncoding.php(26): Illuminate\\Pipeline\\Pipeline->{closure:{closure:Illuminate\\Pipeline\\Pipeline::carry():194}:195}(Object(Illuminate\\Http\\Request))
#55 /Applications/MAMP/htdocs/block1/третий блок 2/myapp/vendor/laravel/framework/src/Illuminate/Pipeline/Pipeline.php(219): Illuminate\\Http\\Middleware\\ValidatePathEncoding->handle(Object(Illuminate\\Http\\Request), Object(Closure))
#56 /Applications/MAMP/htdocs/block1/третий блок 2/myapp/vendor/laravel/framework/src/Illuminate/Pipeline/Pipeline.php(137): Illuminate\\Pipeline\\Pipeline->{closure:{closure:Illuminate\\Pipeline\\Pipeline::carry():194}:195}(Object(Illuminate\\Http\\Request))
#57 /Applications/MAMP/htdocs/block1/третий блок 2/myapp/vendor/laravel/framework/src/Illuminate/Foundation/Http/Kernel.php(175): Illuminate\\Pipeline\\Pipeline->then(Object(Closure))
#58 /Applications/MAMP/htdocs/block1/третий блок 2/myapp/vendor/laravel/framework/src/Illuminate/Foundation/Http/Kernel.php(144): Illuminate\\Foundation\\Http\\Kernel->sendRequestThroughRouter(Object(Illuminate\\Http\\Request))
#59 /Applications/MAMP/htdocs/block1/третий блок 2/myapp/vendor/laravel/framework/src/Illuminate/Foundation/Application.php(1220): Illuminate\\Foundation\\Http\\Kernel->handle(Object(Illuminate\\Http\\Request))
#60 /Applications/MAMP/htdocs/block1/третий блок 2/myapp/public/index.php(20): Illuminate\\Foundation\\Application->handleRequest(Object(Illuminate\\Http\\Request))
#61 /Applications/MAMP/htdocs/block1/третий блок 2/myapp/vendor/laravel/framework/src/Illuminate/Foundation/resources/server.php(23): require_once('/Applications/M...')
#62 {main}
"} 
[2025-11-01 19:00:59] local.ERROR: SQLSTATE[HY000] [1049] Unknown database 'laravel' (Connection: mysql, SQL: select exists (select 1 from information_schema.tables where table_schema = schema() and table_name = 'migrations' and table_type in ('BASE TABLE', 'SYSTEM VERSIONED')) as `exists`) {"exception":"[object] (Illuminate\\Database\\QueryException(code: 1049): SQLSTATE[HY000] [1049] Unknown database 'laravel' (Connection: mysql, SQL: select exists (select 1 from information_schema.tables where table_schema = schema() and table_name = 'migrations' and table_type in ('BASE TABLE', 'SYSTEM VERSIONED')) as `exists`) at /Applications/MAMP/htdocs/block1/третий блок 2/myapp/vendor/laravel/framework/src/Illuminate/Database/Connection.php:824)
[stacktrace]
#0 /Applications/MAMP/htdocs/block1/третий блок 2/myapp/vendor/laravel/framework/src/Illuminate/Database/Connection.php(778): Illuminate\\Database\\Connection->runQueryCallback('select exists (...', Array, Object(Closure))
#1 /Applications/MAMP/htdocs/block1/третий блок 2/myapp/vendor/laravel/framework/src/Illuminate/Database/Connection.php(397): Illuminate\\Database\\Connection->run('select exists (...', Array, Object(Closure))
#2 /Applications/MAMP/htdocs/block1/третий блок 2/myapp/vendor/laravel/framework/src/Illuminate/Database/Connection.php(343): Illuminate\\Database\\Connection->select('select exists (...', Array, true)
#3 /Applications/MAMP/htdocs/block1/третий блок 2/myapp/vendor/laravel/framework/src/Illuminate/Database/Connection.php(360): Illuminate\\Database\\Connection->selectOne('select exists (...', Array, true)
#4 /Applications/MAMP/htdocs/block1/третий блок 2/myapp/vendor/laravel/framework/src/Illuminate/Database/Schema/Builder.php(174): Illuminate\\Database\\Connection->scalar('select exists (...')
#5 /Applications/MAMP/htdocs/block1/третий блок 2/myapp/vendor/laravel/framework/src/Illuminate/Database/Migrations/DatabaseMigrationRepository.php(185): Illuminate\\Database\\Schema\\Builder->hasTable('migrations')
#6 /Applications/MAMP/htdocs/block1/третий блок 2/myapp/vendor/laravel/framework/src/Illuminate/Database/Migrations/Migrator.php(753): Illuminate\\Database\\Migrations\\DatabaseMigrationRepository->repositoryExists()
#7 /Applications/MAMP/htdocs/block1/третий блок 2/myapp/vendor/laravel/framework/src/Illuminate/Database/Console/Migrations/MigrateCommand.php(164): Illuminate\\Database\\Migrations\\Migrator->repositoryExists()
#8 /Applications/MAMP/htdocs/block1/третий блок 2/myapp/vendor/laravel/framework/src/Illuminate/Support/helpers.php(329): Illuminate\\Database\\Console\\Migrations\\MigrateCommand->{closure:Illuminate\\Database\\Console\\Migrations\\MigrateCommand::repositoryExists():164}(1)
#9 /Applications/MAMP/htdocs/block1/третий блок 2/myapp/vendor/laravel/framework/src/Illuminate/Database/Console/Migrations/MigrateCommand.php(164): retry(1, Object(Closure), 0, Object(Closure))
#10 /Applications/MAMP/htdocs/block1/третий блок 2/myapp/vendor/laravel/framework/src/Illuminate/Database/Console/Migrations/MigrateCommand.php(140): Illuminate\\Database\\Console\\Migrations\\MigrateCommand->repositoryExists()
#11 /Applications/MAMP/htdocs/block1/третий блок 2/myapp/vendor/laravel/framework/src/Illuminate/Database/Console/Migrations/MigrateCommand.php(110): Illuminate\\Database\\Console\\Migrations\\MigrateCommand->prepareDatabase()
#12 /Applications/MAMP/htdocs/block1/третий блок 2/myapp/vendor/laravel/framework/src/Illuminate/Database/Migrations/Migrator.php(666): Illuminate\\Database\\Console\\Migrations\\MigrateCommand->{closure:Illuminate\\Database\\Console\\Migrations\\MigrateCommand::runMigrations():109}()
#13 /Applications/MAMP/htdocs/block1/третий блок 2/myapp/vendor/laravel/framework/src/Illuminate/Database/Console/Migrations/MigrateCommand.php(109): Illuminate\\Database\\Migrations\\Migrator->usingConnection(NULL, Object(Closure))
#14 /Applications/MAMP/htdocs/block1/третий блок 2/myapp/vendor/laravel/framework/src/Illuminate/Database/Console/Migrations/MigrateCommand.php(88): Illuminate\\Database\\Console\\Migrations\\MigrateCommand->runMigrations()
#15 /Applications/MAMP/htdocs/block1/третий блок 2/myapp/vendor/laravel/framework/src/Illuminate/Container/BoundMethod.php(36): Illuminate\\Database\\Console\\Migrations\\MigrateCommand->handle()
#16 /Applications/MAMP/htdocs/block1/третий блок 2/myapp/vendor/laravel/framework/src/Illuminate/Container/Util.php(43): Illuminate\\Container\\BoundMethod::{closure:Illuminate\\Container\\BoundMethod::call():35}()
#17 /Applications/MAMP/htdocs/block1/третий блок 2/myapp/vendor/laravel/framework/src/Illuminate/Container/BoundMethod.php(96): Illuminate\\Container\\Util::unwrapIfClosure(Object(Closure))
#18 /Applications/MAMP/htdocs/block1/третий блок 2/myapp/vendor/laravel/framework/src/Illuminate/Container/BoundMethod.php(35): Illuminate\\Container\\BoundMethod::callBoundMethod(Object(Illuminate\\Foundation\\Application), Array, Object(Closure))
#19 /Applications/MAMP/htdocs/block1/третий блок 2/myapp/vendor/laravel/framework/src/Illuminate/Container/Container.php(836): Illuminate\\Container\\BoundMethod::call(Object(Illuminate\\Foundation\\Application), Array, Array, NULL)
#20 /Applications/MAMP/htdocs/block1/третий блок 2/myapp/vendor/laravel/framework/src/Illuminate/Console/Command.php(211): Illuminate\\Container\\Container->call(Array)
#21 /Applications/MAMP/htdocs/block1/третий блок 2/myapp/vendor/symfony/console/Command/Command.php(318): Illuminate\\Console\\Command->execute(Object(Symfony\\Component\\Console\\Input\\ArgvInput), Object(Illuminate\\Console\\OutputStyle))
#22 /Applications/MAMP/htdocs/block1/третий блок 2/myapp/vendor/laravel/framework/src/Illuminate/Console/Command.php(180): Symfony\\Component\\Console\\Command\\Command->run(Object(Symfony\\Component\\Console\\Input\\ArgvInput), Object(Illuminate\\Console\\OutputStyle))
#23 /Applications/MAMP/htdocs/block1/третий блок 2/myapp/vendor/symfony/console/Application.php(1073): Illuminate\\Console\\Command->run(Object(Symfony\\Component\\Console\\Input\\ArgvInput), Object(Symfony\\Component\\Console\\Output\\ConsoleOutput))
#24 /Applications/MAMP/htdocs/block1/третий блок 2/myapp/vendor/symfony/console/Application.php(356): Symfony\\Component\\Console\\Application->doRunCommand(Object(Illuminate\\Database\\Console\\Migrations\\MigrateCommand), Object(Symfony\\Component\\Console\\Input\\ArgvInput), Object(Symfony\\Component\\Console\\Output\\ConsoleOutput))
#25 /Applications/MAMP/htdocs/block1/третий блок 2/myapp/vendor/symfony/console/Application.php(195): Symfony\\Component\\Console\\Application->doRun(Object(Symfony\\Component\\Console\\Input\\ArgvInput), Object(Symfony\\Component\\Console\\Output\\ConsoleOutput))
#26 /Applications/MAMP/htdocs/block1/третий блок 2/myapp/vendor/laravel/framework/src/Illuminate/Foundation/Console/Kernel.php(197): Symfony\\Component\\Console\\Application->run(Object(Symfony\\Component\\Console\\Input\\ArgvInput), Object(Symfony\\Component\\Console\\Output\\ConsoleOutput))
#27 /Applications/MAMP/htdocs/block1/третий блок 2/myapp/vendor/laravel/framework/src/Illuminate/Foundation/Application.php(1235): Illuminate\\Foundation\\Console\\Kernel->handle(Object(Symfony\\Component\\Console\\Input\\ArgvInput), Object(Symfony\\Component\\Console\\Output\\ConsoleOutput))
#28 /Applications/MAMP/htdocs/block1/третий блок 2/myapp/artisan(16): Illuminate\\Foundation\\Application->handleCommand(Object(Symfony\\Component\\Console\\Input\\ArgvInput))
#29 {main}

[previous exception] [object] (PDOException(code: 1049): SQLSTATE[HY000] [1049] Unknown database 'laravel' at /Applications/MAMP/htdocs/block1/третий блок 2/myapp/vendor/laravel/framework/src/Illuminate/Database/Connectors/Connector.php:67)
[stacktrace]
#0 /Applications/MAMP/htdocs/block1/третий блок 2/myapp/vendor/laravel/framework/src/Illuminate/Database/Connectors/Connector.php(67): PDO::connect('mysql:host=127....', 'root', Object(SensitiveParameterValue), Array)
#1 /Applications/MAMP/htdocs/block1/третий блок 2/myapp/vendor/laravel/framework/src/Illuminate/Database/Connectors/Connector.php(44): Illuminate\\Database\\Connectors\\Connector->createPdoConnection('mysql:host=127....', 'root', Object(SensitiveParameterValue), Array)
#2 /Applications/MAMP/htdocs/block1/третий блок 2/myapp/vendor/laravel/framework/src/Illuminate/Database/Connectors/MySqlConnector.php(24): Illuminate\\Database\\Connectors\\Connector->createConnection('mysql:host=127....', Array, Array)
#3 /Applications/MAMP/htdocs/block1/третий блок 2/myapp/vendor/laravel/framework/src/Illuminate/Database/Connectors/ConnectionFactory.php(184): Illuminate\\Database\\Connectors\\MySqlConnector->connect(Array)
#4 [internal function]: Illuminate\\Database\\Connectors\\ConnectionFactory->{closure:Illuminate\\Database\\Connectors\\ConnectionFactory::createPdoResolverWithHosts():179}()
#5 /Applications/MAMP/htdocs/block1/третий блок 2/myapp/vendor/laravel/framework/src/Illuminate/Database/Connection.php(1234): call_user_func(Object(Closure))
#6 /Applications/MAMP/htdocs/block1/третий блок 2/myapp/vendor/laravel/framework/src/Illuminate/Database/Connection.php(1270): Illuminate\\Database\\Connection->getPdo()
#7 /Applications/MAMP/htdocs/block1/третий блок 2/myapp/vendor/laravel/framework/src/Illuminate/Database/Connection.php(511): Illuminate\\Database\\Connection->getReadPdo()
#8 /Applications/MAMP/htdocs/block1/третий блок 2/myapp/vendor/laravel/framework/src/Illuminate/Database/Connection.php(406): Illuminate\\Database\\Connection->getPdoForSelect(true)
#9 /Applications/MAMP/htdocs/block1/третий блок 2/myapp/vendor/laravel/framework/src/Illuminate/Database/Connection.php(811): Illuminate\\Database\\Connection->{closure:Illuminate\\Database\\Connection::select():397}('select exists (...', Array)
#10 /Applications/MAMP/htdocs/block1/третий блок 2/myapp/vendor/laravel/framework/src/Illuminate/Database/Connection.php(778): Illuminate\\Database\\Connection->runQueryCallback('select exists (...', Array, Object(Closure))
#11 /Applications/MAMP/htdocs/block1/третий блок 2/myapp/vendor/laravel/framework/src/Illuminate/Database/Connection.php(397): Illuminate\\Database\\Connection->run('select exists (...', Array, Object(Closure))
#12 /Applications/MAMP/htdocs/block1/третий блок 2/myapp/vendor/laravel/framework/src/Illuminate/Database/Connection.php(343): Illuminate\\Database\\Connection->select('select exists (...', Array, true)
#13 /Applications/MAMP/htdocs/block1/третий блок 2/myapp/vendor/laravel/framework/src/Illuminate/Database/Connection.php(360): Illuminate\\Database\\Connection->selectOne('select exists (...', Array, true)
#14 /Applications/MAMP/htdocs/block1/третий блок 2/myapp/vendor/laravel/framework/src/Illuminate/Database/Schema/Builder.php(174): Illuminate\\Database\\Connection->scalar('select exists (...')
#15 /Applications/MAMP/htdocs/block1/третий блок 2/myapp/vendor/laravel/framework/src/Illuminate/Database/Migrations/DatabaseMigrationRepository.php(185): Illuminate\\Database\\Schema\\Builder->hasTable('migrations')
#16 /Applications/MAMP/htdocs/block1/третий блок 2/myapp/vendor/laravel/framework/src/Illuminate/Database/Migrations/Migrator.php(753): Illuminate\\Database\\Migrations\\DatabaseMigrationRepository->repositoryExists()
#17 /Applications/MAMP/htdocs/block1/третий блок 2/myapp/vendor/laravel/framework/src/Illuminate/Database/Console/Migrations/MigrateCommand.php(164): Illuminate\\Database\\Migrations\\Migrator->repositoryExists()
#18 /Applications/MAMP/htdocs/block1/третий блок 2/myapp/vendor/laravel/framework/src/Illuminate/Support/helpers.php(329): Illuminate\\Database\\Console\\Migrations\\MigrateCommand->{closure:Illuminate\\Database\\Console\\Migrations\\MigrateCommand::repositoryExists():164}(1)
#19 /Applications/MAMP/htdocs/block1/третий блок 2/myapp/vendor/laravel/framework/src/Illuminate/Database/Console/Migrations/MigrateCommand.php(164): retry(1, Object(Closure), 0, Object(Closure))
#20 /Applications/MAMP/htdocs/block1/третий блок 2/myapp/vendor/laravel/framework/src/Illuminate/Database/Console/Migrations/MigrateCommand.php(140): Illuminate\\Database\\Console\\Migrations\\MigrateCommand->repositoryExists()
#21 /Applications/MAMP/htdocs/block1/третий блок 2/myapp/vendor/laravel/framework/src/Illuminate/Database/Console/Migrations/MigrateCommand.php(110): Illuminate\\Database\\Console\\Migrations\\MigrateCommand->prepareDatabase()
#22 /Applications/MAMP/htdocs/block1/третий блок 2/myapp/vendor/laravel/framework/src/Illuminate/Database/Migrations/Migrator.php(666): Illuminate\\Database\\Console\\Migrations\\MigrateCommand->{closure:Illuminate\\Database\\Console\\Migrations\\MigrateCommand::runMigrations():109}()
#23 /Applications/MAMP/htdocs/block1/третий блок 2/myapp/vendor/laravel/framework/src/Illuminate/Database/Console/Migrations/MigrateCommand.php(109): Illuminate\\Database\\Migrations\\Migrator->usingConnection(NULL, Object(Closure))
#24 /Applications/MAMP/htdocs/block1/третий блок 2/myapp/vendor/laravel/framework/src/Illuminate/Database/Console/Migrations/MigrateCommand.php(88): Illuminate\\Database\\Console\\Migrations\\MigrateCommand->runMigrations()
#25 /Applications/MAMP/htdocs/block1/третий блок 2/myapp/vendor/laravel/framework/src/Illuminate/Container/BoundMethod.php(36): Illuminate\\Database\\Console\\Migrations\\MigrateCommand->handle()
#26 /Applications/MAMP/htdocs/block1/третий блок 2/myapp/vendor/laravel/framework/src/Illuminate/Container/Util.php(43): Illuminate\\Container\\BoundMethod::{closure:Illuminate\\Container\\BoundMethod::call():35}()
#27 /Applications/MAMP/htdocs/block1/третий блок 2/myapp/vendor/laravel/framework/src/Illuminate/Container/BoundMethod.php(96): Illuminate\\Container\\Util::unwrapIfClosure(Object(Closure))
#28 /Applications/MAMP/htdocs/block1/третий блок 2/myapp/vendor/laravel/framework/src/Illuminate/Container/BoundMethod.php(35): Illuminate\\Container\\BoundMethod::callBoundMethod(Object(Illuminate\\Foundation\\Application), Array, Object(Closure))
#29 /Applications/MAMP/htdocs/block1/третий блок 2/myapp/vendor/laravel/framework/src/Illuminate/Container/Container.php(836): Illuminate\\Container\\BoundMethod::call(Object(Illuminate\\Foundation\\Application), Array, Array, NULL)
#30 /Applications/MAMP/htdocs/block1/третий блок 2/myapp/vendor/laravel/framework/src/Illuminate/Console/Command.php(211): Illuminate\\Container\\Container->call(Array)
#31 /Applications/MAMP/htdocs/block1/третий блок 2/myapp/vendor/symfony/console/Command/Command.php(318): Illuminate\\Console\\Command->execute(Object(Symfony\\Component\\Console\\Input\\ArgvInput), Object(Illuminate\\Console\\OutputStyle))
#32 /Applications/MAMP/htdocs/block1/третий блок 2/myapp/vendor/laravel/framework/src/Illuminate/Console/Command.php(180): Symfony\\Component\\Console\\Command\\Command->run(Object(Symfony\\Component\\Console\\Input\\ArgvInput), Object(Illuminate\\Console\\OutputStyle))
#33 /Applications/MAMP/htdocs/block1/третий блок 2/myapp/vendor/symfony/console/Application.php(1073): Illuminate\\Console\\Command->run(Object(Symfony\\Component\\Console\\Input\\ArgvInput), Object(Symfony\\Component\\Console\\Output\\ConsoleOutput))
#34 /Applications/MAMP/htdocs/block1/третий блок 2/myapp/vendor/symfony/console/Application.php(356): Symfony\\Component\\Console\\Application->doRunCommand(Object(Illuminate\\Database\\Console\\Migrations\\MigrateCommand), Object(Symfony\\Component\\Console\\Input\\ArgvInput), Object(Symfony\\Component\\Console\\Output\\ConsoleOutput))
#35 /Applications/MAMP/htdocs/block1/третий блок 2/myapp/vendor/symfony/console/Application.php(195): Symfony\\Component\\Console\\Application->doRun(Object(Symfony\\Component\\Console\\Input\\ArgvInput), Object(Symfony\\Component\\Console\\Output\\ConsoleOutput))
#36 /Applications/MAMP/htdocs/block1/третий блок 2/myapp/vendor/laravel/framework/src/Illuminate/Foundation/Console/Kernel.php(197): Symfony\\Component\\Console\\Application->run(Object(Symfony\\Component\\Console\\Input\\ArgvInput), Object(Symfony\\Component\\Console\\Output\\ConsoleOutput))
#37 /Applications/MAMP/htdocs/block1/третий блок 2/myapp/vendor/laravel/framework/src/Illuminate/Foundation/Application.php(1235): Illuminate\\Foundation\\Console\\Kernel->handle(Object(Symfony\\Component\\Console\\Input\\ArgvInput), Object(Symfony\\Component\\Console\\Output\\ConsoleOutput))
#38 /Applications/MAMP/htdocs/block1/третий блок 2/myapp/artisan(16): Illuminate\\Foundation\\Application->handleCommand(Object(Symfony\\Component\\Console\\Input\\ArgvInput))
#39 {main}
"} 
[2025-11-01 19:01:12] local.ERROR: SQLSTATE[HY000] [1049] Unknown database 'laravel' (Connection: mysql, SQL: delete from `cache`) {"exception":"[object] (Illuminate\\Database\\QueryException(code: 1049): SQLSTATE[HY000] [1049] Unknown database 'laravel' (Connection: mysql, SQL: delete from `cache`) at /Applications/MAMP/htdocs/block1/третий блок 2/myapp/vendor/laravel/framework/src/Illuminate/Database/Connection.php:824)
[stacktrace]
#0 /Applications/MAMP/htdocs/block1/третий блок 2/myapp/vendor/laravel/framework/src/Illuminate/Database/Connection.php(778): Illuminate\\Database\\Connection->runQueryCallback('delete from `ca...', Array, Object(Closure))
#1 /Applications/MAMP/htdocs/block1/третий блок 2/myapp/vendor/laravel/framework/src/Illuminate/Database/Connection.php(583): Illuminate\\Database\\Connection->run('delete from `ca...', Array, Object(Closure))
#2 /Applications/MAMP/htdocs/block1/третий блок 2/myapp/vendor/laravel/framework/src/Illuminate/Database/Connection.php(547): Illuminate\\Database\\Connection->affectingStatement('delete from `ca...', Array)
#3 /Applications/MAMP/htdocs/block1/третий блок 2/myapp/vendor/laravel/framework/src/Illuminate/Database/Query/Builder.php(4109): Illuminate\\Database\\Connection->delete('delete from `ca...', Array)
#4 /Applications/MAMP/htdocs/block1/третий блок 2/myapp/vendor/laravel/framework/src/Illuminate/Cache/DatabaseStore.php(423): Illuminate\\Database\\Query\\Builder->delete()
#5 /Applications/MAMP/htdocs/block1/третий блок 2/myapp/vendor/laravel/framework/src/Illuminate/Cache/Repository.php(807): Illuminate\\Cache\\DatabaseStore->flush()
#6 /Applications/MAMP/htdocs/block1/третий блок 2/myapp/vendor/laravel/framework/src/Illuminate/Cache/Console/ClearCommand.php(68): Illuminate\\Cache\\Repository->__call('flush', Array)
#7 /Applications/MAMP/htdocs/block1/третий блок 2/myapp/vendor/laravel/framework/src/Illuminate/Container/BoundMethod.php(36): Illuminate\\Cache\\Console\\ClearCommand->handle()
#8 /Applications/MAMP/htdocs/block1/третий блок 2/myapp/vendor/laravel/framework/src/Illuminate/Container/Util.php(43): Illuminate\\Container\\BoundMethod::{closure:Illuminate\\Container\\BoundMethod::call():35}()
#9 /Applications/MAMP/htdocs/block1/третий блок 2/myapp/vendor/laravel/framework/src/Illuminate/Container/BoundMethod.php(96): Illuminate\\Container\\Util::unwrapIfClosure(Object(Closure))
#10 /Applications/MAMP/htdocs/block1/третий блок 2/myapp/vendor/laravel/framework/src/Illuminate/Container/BoundMethod.php(35): Illuminate\\Container\\BoundMethod::callBoundMethod(Object(Illuminate\\Foundation\\Application), Array, Object(Closure))
#11 /Applications/MAMP/htdocs/block1/третий блок 2/myapp/vendor/laravel/framework/src/Illuminate/Container/Container.php(836): Illuminate\\Container\\BoundMethod::call(Object(Illuminate\\Foundation\\Application), Array, Array, NULL)
#12 /Applications/MAMP/htdocs/block1/третий блок 2/myapp/vendor/laravel/framework/src/Illuminate/Console/Command.php(211): Illuminate\\Container\\Container->call(Array)
#13 /Applications/MAMP/htdocs/block1/третий блок 2/myapp/vendor/symfony/console/Command/Command.php(318): Illuminate\\Console\\Command->execute(Object(Symfony\\Component\\Console\\Input\\ArgvInput), Object(Illuminate\\Console\\OutputStyle))
#14 /Applications/MAMP/htdocs/block1/третий блок 2/myapp/vendor/laravel/framework/src/Illuminate/Console/Command.php(180): Symfony\\Component\\Console\\Command\\Command->run(Object(Symfony\\Component\\Console\\Input\\ArgvInput), Object(Illuminate\\Console\\OutputStyle))
#15 /Applications/MAMP/htdocs/block1/третий блок 2/myapp/vendor/symfony/console/Application.php(1073): Illuminate\\Console\\Command->run(Object(Symfony\\Component\\Console\\Input\\ArgvInput), Object(Symfony\\Component\\Console\\Output\\ConsoleOutput))
#16 /Applications/MAMP/htdocs/block1/третий блок 2/myapp/vendor/symfony/console/Application.php(356): Symfony\\Component\\Console\\Application->doRunCommand(Object(Illuminate\\Cache\\Console\\ClearCommand), Object(Symfony\\Component\\Console\\Input\\ArgvInput), Object(Symfony\\Component\\Console\\Output\\ConsoleOutput))
#17 /Applications/MAMP/htdocs/block1/третий блок 2/myapp/vendor/symfony/console/Application.php(195): Symfony\\Component\\Console\\Application->doRun(Object(Symfony\\Component\\Console\\Input\\ArgvInput), Object(Symfony\\Component\\Console\\Output\\ConsoleOutput))
#18 /Applications/MAMP/htdocs/block1/третий блок 2/myapp/vendor/laravel/framework/src/Illuminate/Foundation/Console/Kernel.php(197): Symfony\\Component\\Console\\Application->run(Object(Symfony\\Component\\Console\\Input\\ArgvInput), Object(Symfony\\Component\\Console\\Output\\ConsoleOutput))
#19 /Applications/MAMP/htdocs/block1/третий блок 2/myapp/vendor/laravel/framework/src/Illuminate/Foundation/Application.php(1235): Illuminate\\Foundation\\Console\\Kernel->handle(Object(Symfony\\Component\\Console\\Input\\ArgvInput), Object(Symfony\\Component\\Console\\Output\\ConsoleOutput))
#20 /Applications/MAMP/htdocs/block1/третий блок 2/myapp/artisan(16): Illuminate\\Foundation\\Application->handleCommand(Object(Symfony\\Component\\Console\\Input\\ArgvInput))
#21 {main}

[previous exception] [object] (PDOException(code: 1049): SQLSTATE[HY000] [1049] Unknown database 'laravel' at /Applications/MAMP/htdocs/block1/третий блок 2/myapp/vendor/laravel/framework/src/Illuminate/Database/Connectors/Connector.php:67)
[stacktrace]
#0 /Applications/MAMP/htdocs/block1/третий блок 2/myapp/vendor/laravel/framework/src/Illuminate/Database/Connectors/Connector.php(67): PDO::connect('mysql:host=127....', 'root', Object(SensitiveParameterValue), Array)
#1 /Applications/MAMP/htdocs/block1/третий блок 2/myapp/vendor/laravel/framework/src/Illuminate/Database/Connectors/Connector.php(44): Illuminate\\Database\\Connectors\\Connector->createPdoConnection('mysql:host=127....', 'root', Object(SensitiveParameterValue), Array)
#2 /Applications/MAMP/htdocs/block1/третий блок 2/myapp/vendor/laravel/framework/src/Illuminate/Database/Connectors/MySqlConnector.php(24): Illuminate\\Database\\Connectors\\Connector->createConnection('mysql:host=127....', Array, Array)
#3 /Applications/MAMP/htdocs/block1/третий блок 2/myapp/vendor/laravel/framework/src/Illuminate/Database/Connectors/ConnectionFactory.php(184): Illuminate\\Database\\Connectors\\MySqlConnector->connect(Array)
#4 [internal function]: Illuminate\\Database\\Connectors\\ConnectionFactory->{closure:Illuminate\\Database\\Connectors\\ConnectionFactory::createPdoResolverWithHosts():179}()
#5 /Applications/MAMP/htdocs/block1/третий блок 2/myapp/vendor/laravel/framework/src/Illuminate/Database/Connection.php(1234): call_user_func(Object(Closure))
#6 /Applications/MAMP/htdocs/block1/третий блок 2/myapp/vendor/laravel/framework/src/Illuminate/Database/Connection.php(591): Illuminate\\Database\\Connection->getPdo()
#7 /Applications/MAMP/htdocs/block1/третий блок 2/myapp/vendor/laravel/framework/src/Illuminate/Database/Connection.php(811): Illuminate\\Database\\Connection->{closure:Illuminate\\Database\\Connection::affectingStatement():583}('delete from `ca...', Array)
#8 /Applications/MAMP/htdocs/block1/третий блок 2/myapp/vendor/laravel/framework/src/Illuminate/Database/Connection.php(778): Illuminate\\Database\\Connection->runQueryCallback('delete from `ca...', Array, Object(Closure))
#9 /Applications/MAMP/htdocs/block1/третий блок 2/myapp/vendor/laravel/framework/src/Illuminate/Database/Connection.php(583): Illuminate\\Database\\Connection->run('delete from `ca...', Array, Object(Closure))
#10 /Applications/MAMP/htdocs/block1/третий блок 2/myapp/vendor/laravel/framework/src/Illuminate/Database/Connection.php(547): Illuminate\\Database\\Connection->affectingStatement('delete from `ca...', Array)
#11 /Applications/MAMP/htdocs/block1/третий блок 2/myapp/vendor/laravel/framework/src/Illuminate/Database/Query/Builder.php(4109): Illuminate\\Database\\Connection->delete('delete from `ca...', Array)
#12 /Applications/MAMP/htdocs/block1/третий блок 2/myapp/vendor/laravel/framework/src/Illuminate/Cache/DatabaseStore.php(423): Illuminate\\Database\\Query\\Builder->delete()
#13 /Applications/MAMP/htdocs/block1/третий блок 2/myapp/vendor/laravel/framework/src/Illuminate/Cache/Repository.php(807): Illuminate\\Cache\\DatabaseStore->flush()
#14 /Applications/MAMP/htdocs/block1/третий блок 2/myapp/vendor/laravel/framework/src/Illuminate/Cache/Console/ClearCommand.php(68): Illuminate\\Cache\\Repository->__call('flush', Array)
#15 /Applications/MAMP/htdocs/block1/третий блок 2/myapp/vendor/laravel/framework/src/Illuminate/Container/BoundMethod.php(36): Illuminate\\Cache\\Console\\ClearCommand->handle()
#16 /Applications/MAMP/htdocs/block1/третий блок 2/myapp/vendor/laravel/framework/src/Illuminate/Container/Util.php(43): Illuminate\\Container\\BoundMethod::{closure:Illuminate\\Container\\BoundMethod::call():35}()
#17 /Applications/MAMP/htdocs/block1/третий блок 2/myapp/vendor/laravel/framework/src/Illuminate/Container/BoundMethod.php(96): Illuminate\\Container\\Util::unwrapIfClosure(Object(Closure))
#18 /Applications/MAMP/htdocs/block1/третий блок 2/myapp/vendor/laravel/framework/src/Illuminate/Container/BoundMethod.php(35): Illuminate\\Container\\BoundMethod::callBoundMethod(Object(Illuminate\\Foundation\\Application), Array, Object(Closure))
#19 /Applications/MAMP/htdocs/block1/третий блок 2/myapp/vendor/laravel/framework/src/Illuminate/Container/Container.php(836): Illuminate\\Container\\BoundMethod::call(Object(Illuminate\\Foundation\\Application), Array, Array, NULL)
#20 /Applications/MAMP/htdocs/block1/третий блок 2/myapp/vendor/laravel/framework/src/Illuminate/Console/Command.php(211): Illuminate\\Container\\Container->call(Array)
#21 /Applications/MAMP/htdocs/block1/третий блок 2/myapp/vendor/symfony/console/Command/Command.php(318): Illuminate\\Console\\Command->execute(Object(Symfony\\Component\\Console\\Input\\ArgvInput), Object(Illuminate\\Console\\OutputStyle))
#22 /Applications/MAMP/htdocs/block1/третий блок 2/myapp/vendor/laravel/framework/src/Illuminate/Console/Command.php(180): Symfony\\Component\\Console\\Command\\Command->run(Object(Symfony\\Component\\Console\\Input\\ArgvInput), Object(Illuminate\\Console\\OutputStyle))
#23 /Applications/MAMP/htdocs/block1/третий блок 2/myapp/vendor/symfony/console/Application.php(1073): Illuminate\\Console\\Command->run(Object(Symfony\\Component\\Console\\Input\\ArgvInput), Object(Symfony\\Component\\Console\\Output\\ConsoleOutput))
#24 /Applications/MAMP/htdocs/block1/третий блок 2/myapp/vendor/symfony/console/Application.php(356): Symfony\\Component\\Console\\Application->doRunCommand(Object(Illuminate\\Cache\\Console\\ClearCommand), Object(Symfony\\Component\\Console\\Input\\ArgvInput), Object(Symfony\\Component\\Console\\Output\\ConsoleOutput))
#25 /Applications/MAMP/htdocs/block1/третий блок 2/myapp/vendor/symfony/console/Application.php(195): Symfony\\Component\\Console\\Application->doRun(Object(Symfony\\Component\\Console\\Input\\ArgvInput), Object(Symfony\\Component\\Console\\Output\\ConsoleOutput))
#26 /Applications/MAMP/htdocs/block1/третий блок 2/myapp/vendor/laravel/framework/src/Illuminate/Foundation/Console/Kernel.php(197): Symfony\\Component\\Console\\Application->run(Object(Symfony\\Component\\Console\\Input\\ArgvInput), Object(Symfony\\Component\\Console\\Output\\ConsoleOutput))
#27 /Applications/MAMP/htdocs/block1/третий блок 2/myapp/vendor/laravel/framework/src/Illuminate/Foundation/Application.php(1235): Illuminate\\Foundation\\Console\\Kernel->handle(Object(Symfony\\Component\\Console\\Input\\ArgvInput), Object(Symfony\\Component\\Console\\Output\\ConsoleOutput))
#28 /Applications/MAMP/htdocs/block1/третий блок 2/myapp/artisan(16): Illuminate\\Foundation\\Application->handleCommand(Object(Symfony\\Component\\Console\\Input\\ArgvInput))
#29 {main}
"} 
[2025-11-01 19:02:30] local.ERROR: SQLSTATE[HY000] [1049] Unknown database 'laravel' (Connection: mysql, SQL: delete from `cache`) {"exception":"[object] (Illuminate\\Database\\QueryException(code: 1049): SQLSTATE[HY000] [1049] Unknown database 'laravel' (Connection: mysql, SQL: delete from `cache`) at /Applications/MAMP/htdocs/block1/третий блок 2/myapp/vendor/laravel/framework/src/Illuminate/Database/Connection.php:824)
[stacktrace]
#0 /Applications/MAMP/htdocs/block1/третий блок 2/myapp/vendor/laravel/framework/src/Illuminate/Database/Connection.php(778): Illuminate\\Database\\Connection->runQueryCallback('delete from `ca...', Array, Object(Closure))
#1 /Applications/MAMP/htdocs/block1/третий блок 2/myapp/vendor/laravel/framework/src/Illuminate/Database/Connection.php(583): Illuminate\\Database\\Connection->run('delete from `ca...', Array, Object(Closure))
#2 /Applications/MAMP/htdocs/block1/третий блок 2/myapp/vendor/laravel/framework/src/Illuminate/Database/Connection.php(547): Illuminate\\Database\\Connection->affectingStatement('delete from `ca...', Array)
#3 /Applications/MAMP/htdocs/block1/третий блок 2/myapp/vendor/laravel/framework/src/Illuminate/Database/Query/Builder.php(4109): Illuminate\\Database\\Connection->delete('delete from `ca...', Array)
#4 /Applications/MAMP/htdocs/block1/третий блок 2/myapp/vendor/laravel/framework/src/Illuminate/Cache/DatabaseStore.php(423): Illuminate\\Database\\Query\\Builder->delete()
#5 /Applications/MAMP/htdocs/block1/третий блок 2/myapp/vendor/laravel/framework/src/Illuminate/Cache/Repository.php(807): Illuminate\\Cache\\DatabaseStore->flush()
#6 /Applications/MAMP/htdocs/block1/третий блок 2/myapp/vendor/laravel/framework/src/Illuminate/Cache/Console/ClearCommand.php(68): Illuminate\\Cache\\Repository->__call('flush', Array)
#7 /Applications/MAMP/htdocs/block1/третий блок 2/myapp/vendor/laravel/framework/src/Illuminate/Container/BoundMethod.php(36): Illuminate\\Cache\\Console\\ClearCommand->handle()
#8 /Applications/MAMP/htdocs/block1/третий блок 2/myapp/vendor/laravel/framework/src/Illuminate/Container/Util.php(43): Illuminate\\Container\\BoundMethod::{closure:Illuminate\\Container\\BoundMethod::call():35}()
#9 /Applications/MAMP/htdocs/block1/третий блок 2/myapp/vendor/laravel/framework/src/Illuminate/Container/BoundMethod.php(96): Illuminate\\Container\\Util::unwrapIfClosure(Object(Closure))
#10 /Applications/MAMP/htdocs/block1/третий блок 2/myapp/vendor/laravel/framework/src/Illuminate/Container/BoundMethod.php(35): Illuminate\\Container\\BoundMethod::callBoundMethod(Object(Illuminate\\Foundation\\Application), Array, Object(Closure))
#11 /Applications/MAMP/htdocs/block1/третий блок 2/myapp/vendor/laravel/framework/src/Illuminate/Container/Container.php(836): Illuminate\\Container\\BoundMethod::call(Object(Illuminate\\Foundation\\Application), Array, Array, NULL)
#12 /Applications/MAMP/htdocs/block1/третий блок 2/myapp/vendor/laravel/framework/src/Illuminate/Console/Command.php(211): Illuminate\\Container\\Container->call(Array)
#13 /Applications/MAMP/htdocs/block1/третий блок 2/myapp/vendor/symfony/console/Command/Command.php(318): Illuminate\\Console\\Command->execute(Object(Symfony\\Component\\Console\\Input\\ArgvInput), Object(Illuminate\\Console\\OutputStyle))
#14 /Applications/MAMP/htdocs/block1/третий блок 2/myapp/vendor/laravel/framework/src/Illuminate/Console/Command.php(180): Symfony\\Component\\Console\\Command\\Command->run(Object(Symfony\\Component\\Console\\Input\\ArgvInput), Object(Illuminate\\Console\\OutputStyle))
#15 /Applications/MAMP/htdocs/block1/третий блок 2/myapp/vendor/symfony/console/Application.php(1073): Illuminate\\Console\\Command->run(Object(Symfony\\Component\\Console\\Input\\ArgvInput), Object(Symfony\\Component\\Console\\Output\\ConsoleOutput))
#16 /Applications/MAMP/htdocs/block1/третий блок 2/myapp/vendor/symfony/console/Application.php(356): Symfony\\Component\\Console\\Application->doRunCommand(Object(Illuminate\\Cache\\Console\\ClearCommand), Object(Symfony\\Component\\Console\\Input\\ArgvInput), Object(Symfony\\Component\\Console\\Output\\ConsoleOutput))
#17 /Applications/MAMP/htdocs/block1/третий блок 2/myapp/vendor/symfony/console/Application.php(195): Symfony\\Component\\Console\\Application->doRun(Object(Symfony\\Component\\Console\\Input\\ArgvInput), Object(Symfony\\Component\\Console\\Output\\ConsoleOutput))
#18 /Applications/MAMP/htdocs/block1/третий блок 2/myapp/vendor/laravel/framework/src/Illuminate/Foundation/Console/Kernel.php(197): Symfony\\Component\\Console\\Application->run(Object(Symfony\\Component\\Console\\Input\\ArgvInput), Object(Symfony\\Component\\Console\\Output\\ConsoleOutput))
#19 /Applications/MAMP/htdocs/block1/третий блок 2/myapp/vendor/laravel/framework/src/Illuminate/Foundation/Application.php(1235): Illuminate\\Foundation\\Console\\Kernel->handle(Object(Symfony\\Component\\Console\\Input\\ArgvInput), Object(Symfony\\Component\\Console\\Output\\ConsoleOutput))
#20 /Applications/MAMP/htdocs/block1/третий блок 2/myapp/artisan(16): Illuminate\\Foundation\\Application->handleCommand(Object(Symfony\\Component\\Console\\Input\\ArgvInput))
#21 {main}

[previous exception] [object] (PDOException(code: 1049): SQLSTATE[HY000] [1049] Unknown database 'laravel' at /Applications/MAMP/htdocs/block1/третий блок 2/myapp/vendor/laravel/framework/src/Illuminate/Database/Connectors/Connector.php:67)
[stacktrace]
#0 /Applications/MAMP/htdocs/block1/третий блок 2/myapp/vendor/laravel/framework/src/Illuminate/Database/Connectors/Connector.php(67): PDO::connect('mysql:host=127....', 'root', Object(SensitiveParameterValue), Array)
#1 /Applications/MAMP/htdocs/block1/третий блок 2/myapp/vendor/laravel/framework/src/Illuminate/Database/Connectors/Connector.php(44): Illuminate\\Database\\Connectors\\Connector->createPdoConnection('mysql:host=127....', 'root', Object(SensitiveParameterValue), Array)
#2 /Applications/MAMP/htdocs/block1/третий блок 2/myapp/vendor/laravel/framework/src/Illuminate/Database/Connectors/MySqlConnector.php(24): Illuminate\\Database\\Connectors\\Connector->createConnection('mysql:host=127....', Array, Array)
#3 /Applications/MAMP/htdocs/block1/третий блок 2/myapp/vendor/laravel/framework/src/Illuminate/Database/Connectors/ConnectionFactory.php(184): Illuminate\\Database\\Connectors\\MySqlConnector->connect(Array)
#4 [internal function]: Illuminate\\Database\\Connectors\\ConnectionFactory->{closure:Illuminate\\Database\\Connectors\\ConnectionFactory::createPdoResolverWithHosts():179}()
#5 /Applications/MAMP/htdocs/block1/третий блок 2/myapp/vendor/laravel/framework/src/Illuminate/Database/Connection.php(1234): call_user_func(Object(Closure))
#6 /Applications/MAMP/htdocs/block1/третий блок 2/myapp/vendor/laravel/framework/src/Illuminate/Database/Connection.php(591): Illuminate\\Database\\Connection->getPdo()
#7 /Applications/MAMP/htdocs/block1/третий блок 2/myapp/vendor/laravel/framework/src/Illuminate/Database/Connection.php(811): Illuminate\\Database\\Connection->{closure:Illuminate\\Database\\Connection::affectingStatement():583}('delete from `ca...', Array)
#8 /Applications/MAMP/htdocs/block1/третий блок 2/myapp/vendor/laravel/framework/src/Illuminate/Database/Connection.php(778): Illuminate\\Database\\Connection->runQueryCallback('delete from `ca...', Array, Object(Closure))
#9 /Applications/MAMP/htdocs/block1/третий блок 2/myapp/vendor/laravel/framework/src/Illuminate/Database/Connection.php(583): Illuminate\\Database\\Connection->run('delete from `ca...', Array, Object(Closure))
#10 /Applications/MAMP/htdocs/block1/третий блок 2/myapp/vendor/laravel/framework/src/Illuminate/Database/Connection.php(547): Illuminate\\Database\\Connection->affectingStatement('delete from `ca...', Array)
#11 /Applications/MAMP/htdocs/block1/третий блок 2/myapp/vendor/laravel/framework/src/Illuminate/Database/Query/Builder.php(4109): Illuminate\\Database\\Connection->delete('delete from `ca...', Array)
#12 /Applications/MAMP/htdocs/block1/третий блок 2/myapp/vendor/laravel/framework/src/Illuminate/Cache/DatabaseStore.php(423): Illuminate\\Database\\Query\\Builder->delete()
#13 /Applications/MAMP/htdocs/block1/третий блок 2/myapp/vendor/laravel/framework/src/Illuminate/Cache/Repository.php(807): Illuminate\\Cache\\DatabaseStore->flush()
#14 /Applications/MAMP/htdocs/block1/третий блок 2/myapp/vendor/laravel/framework/src/Illuminate/Cache/Console/ClearCommand.php(68): Illuminate\\Cache\\Repository->__call('flush', Array)
#15 /Applications/MAMP/htdocs/block1/третий блок 2/myapp/vendor/laravel/framework/src/Illuminate/Container/BoundMethod.php(36): Illuminate\\Cache\\Console\\ClearCommand->handle()
#16 /Applications/MAMP/htdocs/block1/третий блок 2/myapp/vendor/laravel/framework/src/Illuminate/Container/Util.php(43): Illuminate\\Container\\BoundMethod::{closure:Illuminate\\Container\\BoundMethod::call():35}()
#17 /Applications/MAMP/htdocs/block1/третий блок 2/myapp/vendor/laravel/framework/src/Illuminate/Container/BoundMethod.php(96): Illuminate\\Container\\Util::unwrapIfClosure(Object(Closure))
#18 /Applications/MAMP/htdocs/block1/третий блок 2/myapp/vendor/laravel/framework/src/Illuminate/Container/BoundMethod.php(35): Illuminate\\Container\\BoundMethod::callBoundMethod(Object(Illuminate\\Foundation\\Application), Array, Object(Closure))
#19 /Applications/MAMP/htdocs/block1/третий блок 2/myapp/vendor/laravel/framework/src/Illuminate/Container/Container.php(836): Illuminate\\Container\\BoundMethod::call(Object(Illuminate\\Foundation\\Application), Array, Array, NULL)
#20 /Applications/MAMP/htdocs/block1/третий блок 2/myapp/vendor/laravel/framework/src/Illuminate/Console/Command.php(211): Illuminate\\Container\\Container->call(Array)
#21 /Applications/MAMP/htdocs/block1/третий блок 2/myapp/vendor/symfony/console/Command/Command.php(318): Illuminate\\Console\\Command->execute(Object(Symfony\\Component\\Console\\Input\\ArgvInput), Object(Illuminate\\Console\\OutputStyle))
#22 /Applications/MAMP/htdocs/block1/третий блок 2/myapp/vendor/laravel/framework/src/Illuminate/Console/Command.php(180): Symfony\\Component\\Console\\Command\\Command->run(Object(Symfony\\Component\\Console\\Input\\ArgvInput), Object(Illuminate\\Console\\OutputStyle))
#23 /Applications/MAMP/htdocs/block1/третий блок 2/myapp/vendor/symfony/console/Application.php(1073): Illuminate\\Console\\Command->run(Object(Symfony\\Component\\Console\\Input\\ArgvInput), Object(Symfony\\Component\\Console\\Output\\ConsoleOutput))
#24 /Applications/MAMP/htdocs/block1/третий блок 2/myapp/vendor/symfony/console/Application.php(356): Symfony\\Component\\Console\\Application->doRunCommand(Object(Illuminate\\Cache\\Console\\ClearCommand), Object(Symfony\\Component\\Console\\Input\\ArgvInput), Object(Symfony\\Component\\Console\\Output\\ConsoleOutput))
#25 /Applications/MAMP/htdocs/block1/третий блок 2/myapp/vendor/symfony/console/Application.php(195): Symfony\\Component\\Console\\Application->doRun(Object(Symfony\\Component\\Console\\Input\\ArgvInput), Object(Symfony\\Component\\Console\\Output\\ConsoleOutput))
#26 /Applications/MAMP/htdocs/block1/третий блок 2/myapp/vendor/laravel/framework/src/Illuminate/Foundation/Console/Kernel.php(197): Symfony\\Component\\Console\\Application->run(Object(Symfony\\Component\\Console\\Input\\ArgvInput), Object(Symfony\\Component\\Console\\Output\\ConsoleOutput))
#27 /Applications/MAMP/htdocs/block1/третий блок 2/myapp/vendor/laravel/framework/src/Illuminate/Foundation/Application.php(1235): Illuminate\\Foundation\\Console\\Kernel->handle(Object(Symfony\\Component\\Console\\Input\\ArgvInput), Object(Symfony\\Component\\Console\\Output\\ConsoleOutput))
#28 /Applications/MAMP/htdocs/block1/третий блок 2/myapp/artisan(16): Illuminate\\Foundation\\Application->handleCommand(Object(Symfony\\Component\\Console\\Input\\ArgvInput))
#29 {main}
"} 
[2025-11-01 19:13:24] local.ERROR: SQLSTATE[HY000] [1049] Unknown database 'laravel' (Connection: mysql, SQL: select exists (select 1 from information_schema.tables where table_schema = schema() and table_name = 'migrations' and table_type in ('BASE TABLE', 'SYSTEM VERSIONED')) as `exists`) {"exception":"[object] (Illuminate\\Database\\QueryException(code: 1049): SQLSTATE[HY000] [1049] Unknown database 'laravel' (Connection: mysql, SQL: select exists (select 1 from information_schema.tables where table_schema = schema() and table_name = 'migrations' and table_type in ('BASE TABLE', 'SYSTEM VERSIONED')) as `exists`) at /Applications/MAMP/htdocs/block1/третий блок 2/myapp/vendor/laravel/framework/src/Illuminate/Database/Connection.php:824)
[stacktrace]
#0 /Applications/MAMP/htdocs/block1/третий блок 2/myapp/vendor/laravel/framework/src/Illuminate/Database/Connection.php(778): Illuminate\\Database\\Connection->runQueryCallback('select exists (...', Array, Object(Closure))
#1 /Applications/MAMP/htdocs/block1/третий блок 2/myapp/vendor/laravel/framework/src/Illuminate/Database/Connection.php(397): Illuminate\\Database\\Connection->run('select exists (...', Array, Object(Closure))
#2 /Applications/MAMP/htdocs/block1/третий блок 2/myapp/vendor/laravel/framework/src/Illuminate/Database/Connection.php(343): Illuminate\\Database\\Connection->select('select exists (...', Array, true)
#3 /Applications/MAMP/htdocs/block1/третий блок 2/myapp/vendor/laravel/framework/src/Illuminate/Database/Connection.php(360): Illuminate\\Database\\Connection->selectOne('select exists (...', Array, true)
#4 /Applications/MAMP/htdocs/block1/третий блок 2/myapp/vendor/laravel/framework/src/Illuminate/Database/Schema/Builder.php(174): Illuminate\\Database\\Connection->scalar('select exists (...')
#5 /Applications/MAMP/htdocs/block1/третий блок 2/myapp/vendor/laravel/framework/src/Illuminate/Database/Migrations/DatabaseMigrationRepository.php(185): Illuminate\\Database\\Schema\\Builder->hasTable('migrations')
#6 /Applications/MAMP/htdocs/block1/третий блок 2/myapp/vendor/laravel/framework/src/Illuminate/Database/Migrations/Migrator.php(753): Illuminate\\Database\\Migrations\\DatabaseMigrationRepository->repositoryExists()
#7 /Applications/MAMP/htdocs/block1/третий блок 2/myapp/vendor/laravel/framework/src/Illuminate/Database/Console/Migrations/MigrateCommand.php(164): Illuminate\\Database\\Migrations\\Migrator->repositoryExists()
#8 /Applications/MAMP/htdocs/block1/третий блок 2/myapp/vendor/laravel/framework/src/Illuminate/Support/helpers.php(329): Illuminate\\Database\\Console\\Migrations\\MigrateCommand->{closure:Illuminate\\Database\\Console\\Migrations\\MigrateCommand::repositoryExists():164}(1)
#9 /Applications/MAMP/htdocs/block1/третий блок 2/myapp/vendor/laravel/framework/src/Illuminate/Database/Console/Migrations/MigrateCommand.php(164): retry(1, Object(Closure), 0, Object(Closure))
#10 /Applications/MAMP/htdocs/block1/третий блок 2/myapp/vendor/laravel/framework/src/Illuminate/Database/Console/Migrations/MigrateCommand.php(140): Illuminate\\Database\\Console\\Migrations\\MigrateCommand->repositoryExists()
#11 /Applications/MAMP/htdocs/block1/третий блок 2/myapp/vendor/laravel/framework/src/Illuminate/Database/Console/Migrations/MigrateCommand.php(110): Illuminate\\Database\\Console\\Migrations\\MigrateCommand->prepareDatabase()
#12 /Applications/MAMP/htdocs/block1/третий блок 2/myapp/vendor/laravel/framework/src/Illuminate/Database/Migrations/Migrator.php(666): Illuminate\\Database\\Console\\Migrations\\MigrateCommand->{closure:Illuminate\\Database\\Console\\Migrations\\MigrateCommand::runMigrations():109}()
#13 /Applications/MAMP/htdocs/block1/третий блок 2/myapp/vendor/laravel/framework/src/Illuminate/Database/Console/Migrations/MigrateCommand.php(109): Illuminate\\Database\\Migrations\\Migrator->usingConnection(NULL, Object(Closure))
#14 /Applications/MAMP/htdocs/block1/третий блок 2/myapp/vendor/laravel/framework/src/Illuminate/Database/Console/Migrations/MigrateCommand.php(88): Illuminate\\Database\\Console\\Migrations\\MigrateCommand->runMigrations()
#15 /Applications/MAMP/htdocs/block1/третий блок 2/myapp/vendor/laravel/framework/src/Illuminate/Container/BoundMethod.php(36): Illuminate\\Database\\Console\\Migrations\\MigrateCommand->handle()
#16 /Applications/MAMP/htdocs/block1/третий блок 2/myapp/vendor/laravel/framework/src/Illuminate/Container/Util.php(43): Illuminate\\Container\\BoundMethod::{closure:Illuminate\\Container\\BoundMethod::call():35}()
#17 /Applications/MAMP/htdocs/block1/третий блок 2/myapp/vendor/laravel/framework/src/Illuminate/Container/BoundMethod.php(96): Illuminate\\Container\\Util::unwrapIfClosure(Object(Closure))
#18 /Applications/MAMP/htdocs/block1/третий блок 2/myapp/vendor/laravel/framework/src/Illuminate/Container/BoundMethod.php(35): Illuminate\\Container\\BoundMethod::callBoundMethod(Object(Illuminate\\Foundation\\Application), Array, Object(Closure))
#19 /Applications/MAMP/htdocs/block1/третий блок 2/myapp/vendor/laravel/framework/src/Illuminate/Container/Container.php(836): Illuminate\\Container\\BoundMethod::call(Object(Illuminate\\Foundation\\Application), Array, Array, NULL)
#20 /Applications/MAMP/htdocs/block1/третий блок 2/myapp/vendor/laravel/framework/src/Illuminate/Console/Command.php(211): Illuminate\\Container\\Container->call(Array)
#21 /Applications/MAMP/htdocs/block1/третий блок 2/myapp/vendor/symfony/console/Command/Command.php(318): Illuminate\\Console\\Command->execute(Object(Symfony\\Component\\Console\\Input\\ArgvInput), Object(Illuminate\\Console\\OutputStyle))
#22 /Applications/MAMP/htdocs/block1/третий блок 2/myapp/vendor/laravel/framework/src/Illuminate/Console/Command.php(180): Symfony\\Component\\Console\\Command\\Command->run(Object(Symfony\\Component\\Console\\Input\\ArgvInput), Object(Illuminate\\Console\\OutputStyle))
#23 /Applications/MAMP/htdocs/block1/третий блок 2/myapp/vendor/symfony/console/Application.php(1073): Illuminate\\Console\\Command->run(Object(Symfony\\Component\\Console\\Input\\ArgvInput), Object(Symfony\\Component\\Console\\Output\\ConsoleOutput))
#24 /Applications/MAMP/htdocs/block1/третий блок 2/myapp/vendor/symfony/console/Application.php(356): Symfony\\Component\\Console\\Application->doRunCommand(Object(Illuminate\\Database\\Console\\Migrations\\MigrateCommand), Object(Symfony\\Component\\Console\\Input\\ArgvInput), Object(Symfony\\Component\\Console\\Output\\ConsoleOutput))
#25 /Applications/MAMP/htdocs/block1/третий блок 2/myapp/vendor/symfony/console/Application.php(195): Symfony\\Component\\Console\\Application->doRun(Object(Symfony\\Component\\Console\\Input\\ArgvInput), Object(Symfony\\Component\\Console\\Output\\ConsoleOutput))
#26 /Applications/MAMP/htdocs/block1/третий блок 2/myapp/vendor/laravel/framework/src/Illuminate/Foundation/Console/Kernel.php(197): Symfony\\Component\\Console\\Application->run(Object(Symfony\\Component\\Console\\Input\\ArgvInput), Object(Symfony\\Component\\Console\\Output\\ConsoleOutput))
#27 /Applications/MAMP/htdocs/block1/третий блок 2/myapp/vendor/laravel/framework/src/Illuminate/Foundation/Application.php(1235): Illuminate\\Foundation\\Console\\Kernel->handle(Object(Symfony\\Component\\Console\\Input\\ArgvInput), Object(Symfony\\Component\\Console\\Output\\ConsoleOutput))
#28 /Applications/MAMP/htdocs/block1/третий блок 2/myapp/artisan(16): Illuminate\\Foundation\\Application->handleCommand(Object(Symfony\\Component\\Console\\Input\\ArgvInput))
#29 {main}

[previous exception] [object] (PDOException(code: 1049): SQLSTATE[HY000] [1049] Unknown database 'laravel' at /Applications/MAMP/htdocs/block1/третий блок 2/myapp/vendor/laravel/framework/src/Illuminate/Database/Connectors/Connector.php:67)
[stacktrace]
#0 /Applications/MAMP/htdocs/block1/третий блок 2/myapp/vendor/laravel/framework/src/Illuminate/Database/Connectors/Connector.php(67): PDO::connect('mysql:host=127....', 'root', Object(SensitiveParameterValue), Array)
#1 /Applications/MAMP/htdocs/block1/третий блок 2/myapp/vendor/laravel/framework/src/Illuminate/Database/Connectors/Connector.php(44): Illuminate\\Database\\Connectors\\Connector->createPdoConnection('mysql:host=127....', 'root', Object(SensitiveParameterValue), Array)
#2 /Applications/MAMP/htdocs/block1/третий блок 2/myapp/vendor/laravel/framework/src/Illuminate/Database/Connectors/MySqlConnector.php(24): Illuminate\\Database\\Connectors\\Connector->createConnection('mysql:host=127....', Array, Array)
#3 /Applications/MAMP/htdocs/block1/третий блок 2/myapp/vendor/laravel/framework/src/Illuminate/Database/Connectors/ConnectionFactory.php(184): Illuminate\\Database\\Connectors\\MySqlConnector->connect(Array)
#4 [internal function]: Illuminate\\Database\\Connectors\\ConnectionFactory->{closure:Illuminate\\Database\\Connectors\\ConnectionFactory::createPdoResolverWithHosts():179}()
#5 /Applications/MAMP/htdocs/block1/третий блок 2/myapp/vendor/laravel/framework/src/Illuminate/Database/Connection.php(1234): call_user_func(Object(Closure))
#6 /Applications/MAMP/htdocs/block1/третий блок 2/myapp/vendor/laravel/framework/src/Illuminate/Database/Connection.php(1270): Illuminate\\Database\\Connection->getPdo()
#7 /Applications/MAMP/htdocs/block1/третий блок 2/myapp/vendor/laravel/framework/src/Illuminate/Database/Connection.php(511): Illuminate\\Database\\Connection->getReadPdo()
#8 /Applications/MAMP/htdocs/block1/третий блок 2/myapp/vendor/laravel/framework/src/Illuminate/Database/Connection.php(406): Illuminate\\Database\\Connection->getPdoForSelect(true)
#9 /Applications/MAMP/htdocs/block1/третий блок 2/myapp/vendor/laravel/framework/src/Illuminate/Database/Connection.php(811): Illuminate\\Database\\Connection->{closure:Illuminate\\Database\\Connection::select():397}('select exists (...', Array)
#10 /Applications/MAMP/htdocs/block1/третий блок 2/myapp/vendor/laravel/framework/src/Illuminate/Database/Connection.php(778): Illuminate\\Database\\Connection->runQueryCallback('select exists (...', Array, Object(Closure))
#11 /Applications/MAMP/htdocs/block1/третий блок 2/myapp/vendor/laravel/framework/src/Illuminate/Database/Connection.php(397): Illuminate\\Database\\Connection->run('select exists (...', Array, Object(Closure))
#12 /Applications/MAMP/htdocs/block1/третий блок 2/myapp/vendor/laravel/framework/src/Illuminate/Database/Connection.php(343): Illuminate\\Database\\Connection->select('select exists (...', Array, true)
#13 /Applications/MAMP/htdocs/block1/третий блок 2/myapp/vendor/laravel/framework/src/Illuminate/Database/Connection.php(360): Illuminate\\Database\\Connection->selectOne('select exists (...', Array, true)
#14 /Applications/MAMP/htdocs/block1/третий блок 2/myapp/vendor/laravel/framework/src/Illuminate/Database/Schema/Builder.php(174): Illuminate\\Database\\Connection->scalar('select exists (...')
#15 /Applications/MAMP/htdocs/block1/третий блок 2/myapp/vendor/laravel/framework/src/Illuminate/Database/Migrations/DatabaseMigrationRepository.php(185): Illuminate\\Database\\Schema\\Builder->hasTable('migrations')
#16 /Applications/MAMP/htdocs/block1/третий блок 2/myapp/vendor/laravel/framework/src/Illuminate/Database/Migrations/Migrator.php(753): Illuminate\\Database\\Migrations\\DatabaseMigrationRepository->repositoryExists()
#17 /Applications/MAMP/htdocs/block1/третий блок 2/myapp/vendor/laravel/framework/src/Illuminate/Database/Console/Migrations/MigrateCommand.php(164): Illuminate\\Database\\Migrations\\Migrator->repositoryExists()
#18 /Applications/MAMP/htdocs/block1/третий блок 2/myapp/vendor/laravel/framework/src/Illuminate/Support/helpers.php(329): Illuminate\\Database\\Console\\Migrations\\MigrateCommand->{closure:Illuminate\\Database\\Console\\Migrations\\MigrateCommand::repositoryExists():164}(1)
#19 /Applications/MAMP/htdocs/block1/третий блок 2/myapp/vendor/laravel/framework/src/Illuminate/Database/Console/Migrations/MigrateCommand.php(164): retry(1, Object(Closure), 0, Object(Closure))
#20 /Applications/MAMP/htdocs/block1/третий блок 2/myapp/vendor/laravel/framework/src/Illuminate/Database/Console/Migrations/MigrateCommand.php(140): Illuminate\\Database\\Console\\Migrations\\MigrateCommand->repositoryExists()
#21 /Applications/MAMP/htdocs/block1/третий блок 2/myapp/vendor/laravel/framework/src/Illuminate/Database/Console/Migrations/MigrateCommand.php(110): Illuminate\\Database\\Console\\Migrations\\MigrateCommand->prepareDatabase()
#22 /Applications/MAMP/htdocs/block1/третий блок 2/myapp/vendor/laravel/framework/src/Illuminate/Database/Migrations/Migrator.php(666): Illuminate\\Database\\Console\\Migrations\\MigrateCommand->{closure:Illuminate\\Database\\Console\\Migrations\\MigrateCommand::runMigrations():109}()
#23 /Applications/MAMP/htdocs/block1/третий блок 2/myapp/vendor/laravel/framework/src/Illuminate/Database/Console/Migrations/MigrateCommand.php(109): Illuminate\\Database\\Migrations\\Migrator->usingConnection(NULL, Object(Closure))
#24 /Applications/MAMP/htdocs/block1/третий блок 2/myapp/vendor/laravel/framework/src/Illuminate/Database/Console/Migrations/MigrateCommand.php(88): Illuminate\\Database\\Console\\Migrations\\MigrateCommand->runMigrations()
#25 /Applications/MAMP/htdocs/block1/третий блок 2/myapp/vendor/laravel/framework/src/Illuminate/Container/BoundMethod.php(36): Illuminate\\Database\\Console\\Migrations\\MigrateCommand->handle()
#26 /Applications/MAMP/htdocs/block1/третий блок 2/myapp/vendor/laravel/framework/src/Illuminate/Container/Util.php(43): Illuminate\\Container\\BoundMethod::{closure:Illuminate\\Container\\BoundMethod::call():35}()
#27 /Applications/MAMP/htdocs/block1/третий блок 2/myapp/vendor/laravel/framework/src/Illuminate/Container/BoundMethod.php(96): Illuminate\\Container\\Util::unwrapIfClosure(Object(Closure))
#28 /Applications/MAMP/htdocs/block1/третий блок 2/myapp/vendor/laravel/framework/src/Illuminate/Container/BoundMethod.php(35): Illuminate\\Container\\BoundMethod::callBoundMethod(Object(Illuminate\\Foundation\\Application), Array, Object(Closure))
#29 /Applications/MAMP/htdocs/block1/третий блок 2/myapp/vendor/laravel/framework/src/Illuminate/Container/Container.php(836): Illuminate\\Container\\BoundMethod::call(Object(Illuminate\\Foundation\\Application), Array, Array, NULL)
#30 /Applications/MAMP/htdocs/block1/третий блок 2/myapp/vendor/laravel/framework/src/Illuminate/Console/Command.php(211): Illuminate\\Container\\Container->call(Array)
#31 /Applications/MAMP/htdocs/block1/третий блок 2/myapp/vendor/symfony/console/Command/Command.php(318): Illuminate\\Console\\Command->execute(Object(Symfony\\Component\\Console\\Input\\ArgvInput), Object(Illuminate\\Console\\OutputStyle))
#32 /Applications/MAMP/htdocs/block1/третий блок 2/myapp/vendor/laravel/framework/src/Illuminate/Console/Command.php(180): Symfony\\Component\\Console\\Command\\Command->run(Object(Symfony\\Component\\Console\\Input\\ArgvInput), Object(Illuminate\\Console\\OutputStyle))
#33 /Applications/MAMP/htdocs/block1/третий блок 2/myapp/vendor/symfony/console/Application.php(1073): Illuminate\\Console\\Command->run(Object(Symfony\\Component\\Console\\Input\\ArgvInput), Object(Symfony\\Component\\Console\\Output\\ConsoleOutput))
#34 /Applications/MAMP/htdocs/block1/третий блок 2/myapp/vendor/symfony/console/Application.php(356): Symfony\\Component\\Console\\Application->doRunCommand(Object(Illuminate\\Database\\Console\\Migrations\\MigrateCommand), Object(Symfony\\Component\\Console\\Input\\ArgvInput), Object(Symfony\\Component\\Console\\Output\\ConsoleOutput))
#35 /Applications/MAMP/htdocs/block1/третий блок 2/myapp/vendor/symfony/console/Application.php(195): Symfony\\Component\\Console\\Application->doRun(Object(Symfony\\Component\\Console\\Input\\ArgvInput), Object(Symfony\\Component\\Console\\Output\\ConsoleOutput))
#36 /Applications/MAMP/htdocs/block1/третий блок 2/myapp/vendor/laravel/framework/src/Illuminate/Foundation/Console/Kernel.php(197): Symfony\\Component\\Console\\Application->run(Object(Symfony\\Component\\Console\\Input\\ArgvInput), Object(Symfony\\Component\\Console\\Output\\ConsoleOutput))
#37 /Applications/MAMP/htdocs/block1/третий блок 2/myapp/vendor/laravel/framework/src/Illuminate/Foundation/Application.php(1235): Illuminate\\Foundation\\Console\\Kernel->handle(Object(Symfony\\Component\\Console\\Input\\ArgvInput), Object(Symfony\\Component\\Console\\Output\\ConsoleOutput))
#38 /Applications/MAMP/htdocs/block1/третий блок 2/myapp/artisan(16): Illuminate\\Foundation\\Application->handleCommand(Object(Symfony\\Component\\Console\\Input\\ArgvInput))
#39 {main}
"} 
[2025-11-01 19:14:07] local.ERROR: SQLSTATE[HY000] [1049] Unknown database 'laravel' (Connection: mysql, SQL: select exists (select 1 from information_schema.tables where table_schema = schema() and table_name = 'migrations' and table_type in ('BASE TABLE', 'SYSTEM VERSIONED')) as `exists`) {"exception":"[object] (Illuminate\\Database\\QueryException(code: 1049): SQLSTATE[HY000] [1049] Unknown database 'laravel' (Connection: mysql, SQL: select exists (select 1 from information_schema.tables where table_schema = schema() and table_name = 'migrations' and table_type in ('BASE TABLE', 'SYSTEM VERSIONED')) as `exists`) at /Applications/MAMP/htdocs/block1/третий блок 2/myapp/vendor/laravel/framework/src/Illuminate/Database/Connection.php:824)
[stacktrace]
#0 /Applications/MAMP/htdocs/block1/третий блок 2/myapp/vendor/laravel/framework/src/Illuminate/Database/Connection.php(778): Illuminate\\Database\\Connection->runQueryCallback('select exists (...', Array, Object(Closure))
#1 /Applications/MAMP/htdocs/block1/третий блок 2/myapp/vendor/laravel/framework/src/Illuminate/Database/Connection.php(397): Illuminate\\Database\\Connection->run('select exists (...', Array, Object(Closure))
#2 /Applications/MAMP/htdocs/block1/третий блок 2/myapp/vendor/laravel/framework/src/Illuminate/Database/Connection.php(343): Illuminate\\Database\\Connection->select('select exists (...', Array, true)
#3 /Applications/MAMP/htdocs/block1/третий блок 2/myapp/vendor/laravel/framework/src/Illuminate/Database/Connection.php(360): Illuminate\\Database\\Connection->selectOne('select exists (...', Array, true)
#4 /Applications/MAMP/htdocs/block1/третий блок 2/myapp/vendor/laravel/framework/src/Illuminate/Database/Schema/Builder.php(174): Illuminate\\Database\\Connection->scalar('select exists (...')
#5 /Applications/MAMP/htdocs/block1/третий блок 2/myapp/vendor/laravel/framework/src/Illuminate/Database/Migrations/DatabaseMigrationRepository.php(185): Illuminate\\Database\\Schema\\Builder->hasTable('migrations')
#6 /Applications/MAMP/htdocs/block1/третий блок 2/myapp/vendor/laravel/framework/src/Illuminate/Database/Migrations/Migrator.php(753): Illuminate\\Database\\Migrations\\DatabaseMigrationRepository->repositoryExists()
#7 /Applications/MAMP/htdocs/block1/третий блок 2/myapp/vendor/laravel/framework/src/Illuminate/Database/Console/Migrations/MigrateCommand.php(164): Illuminate\\Database\\Migrations\\Migrator->repositoryExists()
#8 /Applications/MAMP/htdocs/block1/третий блок 2/myapp/vendor/laravel/framework/src/Illuminate/Support/helpers.php(329): Illuminate\\Database\\Console\\Migrations\\MigrateCommand->{closure:Illuminate\\Database\\Console\\Migrations\\MigrateCommand::repositoryExists():164}(1)
#9 /Applications/MAMP/htdocs/block1/третий блок 2/myapp/vendor/laravel/framework/src/Illuminate/Database/Console/Migrations/MigrateCommand.php(164): retry(1, Object(Closure), 0, Object(Closure))
#10 /Applications/MAMP/htdocs/block1/третий блок 2/myapp/vendor/laravel/framework/src/Illuminate/Database/Console/Migrations/MigrateCommand.php(140): Illuminate\\Database\\Console\\Migrations\\MigrateCommand->repositoryExists()
#11 /Applications/MAMP/htdocs/block1/третий блок 2/myapp/vendor/laravel/framework/src/Illuminate/Database/Console/Migrations/MigrateCommand.php(110): Illuminate\\Database\\Console\\Migrations\\MigrateCommand->prepareDatabase()
#12 /Applications/MAMP/htdocs/block1/третий блок 2/myapp/vendor/laravel/framework/src/Illuminate/Database/Migrations/Migrator.php(666): Illuminate\\Database\\Console\\Migrations\\MigrateCommand->{closure:Illuminate\\Database\\Console\\Migrations\\MigrateCommand::runMigrations():109}()
#13 /Applications/MAMP/htdocs/block1/третий блок 2/myapp/vendor/laravel/framework/src/Illuminate/Database/Console/Migrations/MigrateCommand.php(109): Illuminate\\Database\\Migrations\\Migrator->usingConnection(NULL, Object(Closure))
#14 /Applications/MAMP/htdocs/block1/третий блок 2/myapp/vendor/laravel/framework/src/Illuminate/Database/Console/Migrations/MigrateCommand.php(88): Illuminate\\Database\\Console\\Migrations\\MigrateCommand->runMigrations()
#15 /Applications/MAMP/htdocs/block1/третий блок 2/myapp/vendor/laravel/framework/src/Illuminate/Container/BoundMethod.php(36): Illuminate\\Database\\Console\\Migrations\\MigrateCommand->handle()
#16 /Applications/MAMP/htdocs/block1/третий блок 2/myapp/vendor/laravel/framework/src/Illuminate/Container/Util.php(43): Illuminate\\Container\\BoundMethod::{closure:Illuminate\\Container\\BoundMethod::call():35}()
#17 /Applications/MAMP/htdocs/block1/третий блок 2/myapp/vendor/laravel/framework/src/Illuminate/Container/BoundMethod.php(96): Illuminate\\Container\\Util::unwrapIfClosure(Object(Closure))
#18 /Applications/MAMP/htdocs/block1/третий блок 2/myapp/vendor/laravel/framework/src/Illuminate/Container/BoundMethod.php(35): Illuminate\\Container\\BoundMethod::callBoundMethod(Object(Illuminate\\Foundation\\Application), Array, Object(Closure))
#19 /Applications/MAMP/htdocs/block1/третий блок 2/myapp/vendor/laravel/framework/src/Illuminate/Container/Container.php(836): Illuminate\\Container\\BoundMethod::call(Object(Illuminate\\Foundation\\Application), Array, Array, NULL)
#20 /Applications/MAMP/htdocs/block1/третий блок 2/myapp/vendor/laravel/framework/src/Illuminate/Console/Command.php(211): Illuminate\\Container\\Container->call(Array)
#21 /Applications/MAMP/htdocs/block1/третий блок 2/myapp/vendor/symfony/console/Command/Command.php(318): Illuminate\\Console\\Command->execute(Object(Symfony\\Component\\Console\\Input\\ArgvInput), Object(Illuminate\\Console\\OutputStyle))
#22 /Applications/MAMP/htdocs/block1/третий блок 2/myapp/vendor/laravel/framework/src/Illuminate/Console/Command.php(180): Symfony\\Component\\Console\\Command\\Command->run(Object(Symfony\\Component\\Console\\Input\\ArgvInput), Object(Illuminate\\Console\\OutputStyle))
#23 /Applications/MAMP/htdocs/block1/третий блок 2/myapp/vendor/symfony/console/Application.php(1073): Illuminate\\Console\\Command->run(Object(Symfony\\Component\\Console\\Input\\ArgvInput), Object(Symfony\\Component\\Console\\Output\\ConsoleOutput))
#24 /Applications/MAMP/htdocs/block1/третий блок 2/myapp/vendor/symfony/console/Application.php(356): Symfony\\Component\\Console\\Application->doRunCommand(Object(Illuminate\\Database\\Console\\Migrations\\MigrateCommand), Object(Symfony\\Component\\Console\\Input\\ArgvInput), Object(Symfony\\Component\\Console\\Output\\ConsoleOutput))
#25 /Applications/MAMP/htdocs/block1/третий блок 2/myapp/vendor/symfony/console/Application.php(195): Symfony\\Component\\Console\\Application->doRun(Object(Symfony\\Component\\Console\\Input\\ArgvInput), Object(Symfony\\Component\\Console\\Output\\ConsoleOutput))
#26 /Applications/MAMP/htdocs/block1/третий блок 2/myapp/vendor/laravel/framework/src/Illuminate/Foundation/Console/Kernel.php(197): Symfony\\Component\\Console\\Application->run(Object(Symfony\\Component\\Console\\Input\\ArgvInput), Object(Symfony\\Component\\Console\\Output\\ConsoleOutput))
#27 /Applications/MAMP/htdocs/block1/третий блок 2/myapp/vendor/laravel/framework/src/Illuminate/Foundation/Application.php(1235): Illuminate\\Foundation\\Console\\Kernel->handle(Object(Symfony\\Component\\Console\\Input\\ArgvInput), Object(Symfony\\Component\\Console\\Output\\ConsoleOutput))
#28 /Applications/MAMP/htdocs/block1/третий блок 2/myapp/artisan(16): Illuminate\\Foundation\\Application->handleCommand(Object(Symfony\\Component\\Console\\Input\\ArgvInput))
#29 {main}

[previous exception] [object] (PDOException(code: 1049): SQLSTATE[HY000] [1049] Unknown database 'laravel' at /Applications/MAMP/htdocs/block1/третий блок 2/myapp/vendor/laravel/framework/src/Illuminate/Database/Connectors/Connector.php:67)
[stacktrace]
#0 /Applications/MAMP/htdocs/block1/третий блок 2/myapp/vendor/laravel/framework/src/Illuminate/Database/Connectors/Connector.php(67): PDO::connect('mysql:host=127....', 'root', Object(SensitiveParameterValue), Array)
#1 /Applications/MAMP/htdocs/block1/третий блок 2/myapp/vendor/laravel/framework/src/Illuminate/Database/Connectors/Connector.php(44): Illuminate\\Database\\Connectors\\Connector->createPdoConnection('mysql:host=127....', 'root', Object(SensitiveParameterValue), Array)
#2 /Applications/MAMP/htdocs/block1/третий блок 2/myapp/vendor/laravel/framework/src/Illuminate/Database/Connectors/MySqlConnector.php(24): Illuminate\\Database\\Connectors\\Connector->createConnection('mysql:host=127....', Array, Array)
#3 /Applications/MAMP/htdocs/block1/третий блок 2/myapp/vendor/laravel/framework/src/Illuminate/Database/Connectors/ConnectionFactory.php(184): Illuminate\\Database\\Connectors\\MySqlConnector->connect(Array)
#4 [internal function]: Illuminate\\Database\\Connectors\\ConnectionFactory->{closure:Illuminate\\Database\\Connectors\\ConnectionFactory::createPdoResolverWithHosts():179}()
#5 /Applications/MAMP/htdocs/block1/третий блок 2/myapp/vendor/laravel/framework/src/Illuminate/Database/Connection.php(1234): call_user_func(Object(Closure))
#6 /Applications/MAMP/htdocs/block1/третий блок 2/myapp/vendor/laravel/framework/src/Illuminate/Database/Connection.php(1270): Illuminate\\Database\\Connection->getPdo()
#7 /Applications/MAMP/htdocs/block1/третий блок 2/myapp/vendor/laravel/framework/src/Illuminate/Database/Connection.php(511): Illuminate\\Database\\Connection->getReadPdo()
#8 /Applications/MAMP/htdocs/block1/третий блок 2/myapp/vendor/laravel/framework/src/Illuminate/Database/Connection.php(406): Illuminate\\Database\\Connection->getPdoForSelect(true)
#9 /Applications/MAMP/htdocs/block1/третий блок 2/myapp/vendor/laravel/framework/src/Illuminate/Database/Connection.php(811): Illuminate\\Database\\Connection->{closure:Illuminate\\Database\\Connection::select():397}('select exists (...', Array)
#10 /Applications/MAMP/htdocs/block1/третий блок 2/myapp/vendor/laravel/framework/src/Illuminate/Database/Connection.php(778): Illuminate\\Database\\Connection->runQueryCallback('select exists (...', Array, Object(Closure))
#11 /Applications/MAMP/htdocs/block1/третий блок 2/myapp/vendor/laravel/framework/src/Illuminate/Database/Connection.php(397): Illuminate\\Database\\Connection->run('select exists (...', Array, Object(Closure))
#12 /Applications/MAMP/htdocs/block1/третий блок 2/myapp/vendor/laravel/framework/src/Illuminate/Database/Connection.php(343): Illuminate\\Database\\Connection->select('select exists (...', Array, true)
#13 /Applications/MAMP/htdocs/block1/третий блок 2/myapp/vendor/laravel/framework/src/Illuminate/Database/Connection.php(360): Illuminate\\Database\\Connection->selectOne('select exists (...', Array, true)
#14 /Applications/MAMP/htdocs/block1/третий блок 2/myapp/vendor/laravel/framework/src/Illuminate/Database/Schema/Builder.php(174): Illuminate\\Database\\Connection->scalar('select exists (...')
#15 /Applications/MAMP/htdocs/block1/третий блок 2/myapp/vendor/laravel/framework/src/Illuminate/Database/Migrations/DatabaseMigrationRepository.php(185): Illuminate\\Database\\Schema\\Builder->hasTable('migrations')
#16 /Applications/MAMP/htdocs/block1/третий блок 2/myapp/vendor/laravel/framework/src/Illuminate/Database/Migrations/Migrator.php(753): Illuminate\\Database\\Migrations\\DatabaseMigrationRepository->repositoryExists()
#17 /Applications/MAMP/htdocs/block1/третий блок 2/myapp/vendor/laravel/framework/src/Illuminate/Database/Console/Migrations/MigrateCommand.php(164): Illuminate\\Database\\Migrations\\Migrator->repositoryExists()
#18 /Applications/MAMP/htdocs/block1/третий блок 2/myapp/vendor/laravel/framework/src/Illuminate/Support/helpers.php(329): Illuminate\\Database\\Console\\Migrations\\MigrateCommand->{closure:Illuminate\\Database\\Console\\Migrations\\MigrateCommand::repositoryExists():164}(1)
#19 /Applications/MAMP/htdocs/block1/третий блок 2/myapp/vendor/laravel/framework/src/Illuminate/Database/Console/Migrations/MigrateCommand.php(164): retry(1, Object(Closure), 0, Object(Closure))
#20 /Applications/MAMP/htdocs/block1/третий блок 2/myapp/vendor/laravel/framework/src/Illuminate/Database/Console/Migrations/MigrateCommand.php(140): Illuminate\\Database\\Console\\Migrations\\MigrateCommand->repositoryExists()
#21 /Applications/MAMP/htdocs/block1/третий блок 2/myapp/vendor/laravel/framework/src/Illuminate/Database/Console/Migrations/MigrateCommand.php(110): Illuminate\\Database\\Console\\Migrations\\MigrateCommand->prepareDatabase()
#22 /Applications/MAMP/htdocs/block1/третий блок 2/myapp/vendor/laravel/framework/src/Illuminate/Database/Migrations/Migrator.php(666): Illuminate\\Database\\Console\\Migrations\\MigrateCommand->{closure:Illuminate\\Database\\Console\\Migrations\\MigrateCommand::runMigrations():109}()
#23 /Applications/MAMP/htdocs/block1/третий блок 2/myapp/vendor/laravel/framework/src/Illuminate/Database/Console/Migrations/MigrateCommand.php(109): Illuminate\\Database\\Migrations\\Migrator->usingConnection(NULL, Object(Closure))
#24 /Applications/MAMP/htdocs/block1/третий блок 2/myapp/vendor/laravel/framework/src/Illuminate/Database/Console/Migrations/MigrateCommand.php(88): Illuminate\\Database\\Console\\Migrations\\MigrateCommand->runMigrations()
#25 /Applications/MAMP/htdocs/block1/третий блок 2/myapp/vendor/laravel/framework/src/Illuminate/Container/BoundMethod.php(36): Illuminate\\Database\\Console\\Migrations\\MigrateCommand->handle()
#26 /Applications/MAMP/htdocs/block1/третий блок 2/myapp/vendor/laravel/framework/src/Illuminate/Container/Util.php(43): Illuminate\\Container\\BoundMethod::{closure:Illuminate\\Container\\BoundMethod::call():35}()
#27 /Applications/MAMP/htdocs/block1/третий блок 2/myapp/vendor/laravel/framework/src/Illuminate/Container/BoundMethod.php(96): Illuminate\\Container\\Util::unwrapIfClosure(Object(Closure))
#28 /Applications/MAMP/htdocs/block1/третий блок 2/myapp/vendor/laravel/framework/src/Illuminate/Container/BoundMethod.php(35): Illuminate\\Container\\BoundMethod::callBoundMethod(Object(Illuminate\\Foundation\\Application), Array, Object(Closure))
#29 /Applications/MAMP/htdocs/block1/третий блок 2/myapp/vendor/laravel/framework/src/Illuminate/Container/Container.php(836): Illuminate\\Container\\BoundMethod::call(Object(Illuminate\\Foundation\\Application), Array, Array, NULL)
#30 /Applications/MAMP/htdocs/block1/третий блок 2/myapp/vendor/laravel/framework/src/Illuminate/Console/Command.php(211): Illuminate\\Container\\Container->call(Array)
#31 /Applications/MAMP/htdocs/block1/третий блок 2/myapp/vendor/symfony/console/Command/Command.php(318): Illuminate\\Console\\Command->execute(Object(Symfony\\Component\\Console\\Input\\ArgvInput), Object(Illuminate\\Console\\OutputStyle))
#32 /Applications/MAMP/htdocs/block1/третий блок 2/myapp/vendor/laravel/framework/src/Illuminate/Console/Command.php(180): Symfony\\Component\\Console\\Command\\Command->run(Object(Symfony\\Component\\Console\\Input\\ArgvInput), Object(Illuminate\\Console\\OutputStyle))
#33 /Applications/MAMP/htdocs/block1/третий блок 2/myapp/vendor/symfony/console/Application.php(1073): Illuminate\\Console\\Command->run(Object(Symfony\\Component\\Console\\Input\\ArgvInput), Object(Symfony\\Component\\Console\\Output\\ConsoleOutput))
#34 /Applications/MAMP/htdocs/block1/третий блок 2/myapp/vendor/symfony/console/Application.php(356): Symfony\\Component\\Console\\Application->doRunCommand(Object(Illuminate\\Database\\Console\\Migrations\\MigrateCommand), Object(Symfony\\Component\\Console\\Input\\ArgvInput), Object(Symfony\\Component\\Console\\Output\\ConsoleOutput))
#35 /Applications/MAMP/htdocs/block1/третий блок 2/myapp/vendor/symfony/console/Application.php(195): Symfony\\Component\\Console\\Application->doRun(Object(Symfony\\Component\\Console\\Input\\ArgvInput), Object(Symfony\\Component\\Console\\Output\\ConsoleOutput))
#36 /Applications/MAMP/htdocs/block1/третий блок 2/myapp/vendor/laravel/framework/src/Illuminate/Foundation/Console/Kernel.php(197): Symfony\\Component\\Console\\Application->run(Object(Symfony\\Component\\Console\\Input\\ArgvInput), Object(Symfony\\Component\\Console\\Output\\ConsoleOutput))
#37 /Applications/MAMP/htdocs/block1/третий блок 2/myapp/vendor/laravel/framework/src/Illuminate/Foundation/Application.php(1235): Illuminate\\Foundation\\Console\\Kernel->handle(Object(Symfony\\Component\\Console\\Input\\ArgvInput), Object(Symfony\\Component\\Console\\Output\\ConsoleOutput))
#38 /Applications/MAMP/htdocs/block1/третий блок 2/myapp/artisan(16): Illuminate\\Foundation\\Application->handleCommand(Object(Symfony\\Component\\Console\\Input\\ArgvInput))
#39 {main}
"} 
[2025-11-01 19:18:46] local.ERROR: SQLSTATE[HY000] [1049] Unknown database 'laravel' (Connection: mysql, SQL: select exists (select 1 from information_schema.tables where table_schema = schema() and table_name = 'migrations' and table_type in ('BASE TABLE', 'SYSTEM VERSIONED')) as `exists`) {"exception":"[object] (Illuminate\\Database\\QueryException(code: 1049): SQLSTATE[HY000] [1049] Unknown database 'laravel' (Connection: mysql, SQL: select exists (select 1 from information_schema.tables where table_schema = schema() and table_name = 'migrations' and table_type in ('BASE TABLE', 'SYSTEM VERSIONED')) as `exists`) at /Applications/MAMP/htdocs/block1/третий блок 2/myapp/vendor/laravel/framework/src/Illuminate/Database/Connection.php:824)
[stacktrace]
#0 /Applications/MAMP/htdocs/block1/третий блок 2/myapp/vendor/laravel/framework/src/Illuminate/Database/Connection.php(778): Illuminate\\Database\\Connection->runQueryCallback('select exists (...', Array, Object(Closure))
#1 /Applications/MAMP/htdocs/block1/третий блок 2/myapp/vendor/laravel/framework/src/Illuminate/Database/Connection.php(397): Illuminate\\Database\\Connection->run('select exists (...', Array, Object(Closure))
#2 /Applications/MAMP/htdocs/block1/третий блок 2/myapp/vendor/laravel/framework/src/Illuminate/Database/Connection.php(343): Illuminate\\Database\\Connection->select('select exists (...', Array, true)
#3 /Applications/MAMP/htdocs/block1/третий блок 2/myapp/vendor/laravel/framework/src/Illuminate/Database/Connection.php(360): Illuminate\\Database\\Connection->selectOne('select exists (...', Array, true)
#4 /Applications/MAMP/htdocs/block1/третий блок 2/myapp/vendor/laravel/framework/src/Illuminate/Database/Schema/Builder.php(174): Illuminate\\Database\\Connection->scalar('select exists (...')
#5 /Applications/MAMP/htdocs/block1/третий блок 2/myapp/vendor/laravel/framework/src/Illuminate/Database/Migrations/DatabaseMigrationRepository.php(185): Illuminate\\Database\\Schema\\Builder->hasTable('migrations')
#6 /Applications/MAMP/htdocs/block1/третий блок 2/myapp/vendor/laravel/framework/src/Illuminate/Database/Migrations/Migrator.php(753): Illuminate\\Database\\Migrations\\DatabaseMigrationRepository->repositoryExists()
#7 /Applications/MAMP/htdocs/block1/третий блок 2/myapp/vendor/laravel/framework/src/Illuminate/Database/Console/Migrations/MigrateCommand.php(164): Illuminate\\Database\\Migrations\\Migrator->repositoryExists()
#8 /Applications/MAMP/htdocs/block1/третий блок 2/myapp/vendor/laravel/framework/src/Illuminate/Support/helpers.php(329): Illuminate\\Database\\Console\\Migrations\\MigrateCommand->{closure:Illuminate\\Database\\Console\\Migrations\\MigrateCommand::repositoryExists():164}(1)
#9 /Applications/MAMP/htdocs/block1/третий блок 2/myapp/vendor/laravel/framework/src/Illuminate/Database/Console/Migrations/MigrateCommand.php(164): retry(1, Object(Closure), 0, Object(Closure))
#10 /Applications/MAMP/htdocs/block1/третий блок 2/myapp/vendor/laravel/framework/src/Illuminate/Database/Console/Migrations/MigrateCommand.php(140): Illuminate\\Database\\Console\\Migrations\\MigrateCommand->repositoryExists()
#11 /Applications/MAMP/htdocs/block1/третий блок 2/myapp/vendor/laravel/framework/src/Illuminate/Database/Console/Migrations/MigrateCommand.php(110): Illuminate\\Database\\Console\\Migrations\\MigrateCommand->prepareDatabase()
#12 /Applications/MAMP/htdocs/block1/третий блок 2/myapp/vendor/laravel/framework/src/Illuminate/Database/Migrations/Migrator.php(666): Illuminate\\Database\\Console\\Migrations\\MigrateCommand->{closure:Illuminate\\Database\\Console\\Migrations\\MigrateCommand::runMigrations():109}()
#13 /Applications/MAMP/htdocs/block1/третий блок 2/myapp/vendor/laravel/framework/src/Illuminate/Database/Console/Migrations/MigrateCommand.php(109): Illuminate\\Database\\Migrations\\Migrator->usingConnection(NULL, Object(Closure))
#14 /Applications/MAMP/htdocs/block1/третий блок 2/myapp/vendor/laravel/framework/src/Illuminate/Database/Console/Migrations/MigrateCommand.php(88): Illuminate\\Database\\Console\\Migrations\\MigrateCommand->runMigrations()
#15 /Applications/MAMP/htdocs/block1/третий блок 2/myapp/vendor/laravel/framework/src/Illuminate/Container/BoundMethod.php(36): Illuminate\\Database\\Console\\Migrations\\MigrateCommand->handle()
#16 /Applications/MAMP/htdocs/block1/третий блок 2/myapp/vendor/laravel/framework/src/Illuminate/Container/Util.php(43): Illuminate\\Container\\BoundMethod::{closure:Illuminate\\Container\\BoundMethod::call():35}()
#17 /Applications/MAMP/htdocs/block1/третий блок 2/myapp/vendor/laravel/framework/src/Illuminate/Container/BoundMethod.php(96): Illuminate\\Container\\Util::unwrapIfClosure(Object(Closure))
#18 /Applications/MAMP/htdocs/block1/третий блок 2/myapp/vendor/laravel/framework/src/Illuminate/Container/BoundMethod.php(35): Illuminate\\Container\\BoundMethod::callBoundMethod(Object(Illuminate\\Foundation\\Application), Array, Object(Closure))
#19 /Applications/MAMP/htdocs/block1/третий блок 2/myapp/vendor/laravel/framework/src/Illuminate/Container/Container.php(836): Illuminate\\Container\\BoundMethod::call(Object(Illuminate\\Foundation\\Application), Array, Array, NULL)
#20 /Applications/MAMP/htdocs/block1/третий блок 2/myapp/vendor/laravel/framework/src/Illuminate/Console/Command.php(211): Illuminate\\Container\\Container->call(Array)
#21 /Applications/MAMP/htdocs/block1/третий блок 2/myapp/vendor/symfony/console/Command/Command.php(318): Illuminate\\Console\\Command->execute(Object(Symfony\\Component\\Console\\Input\\ArgvInput), Object(Illuminate\\Console\\OutputStyle))
#22 /Applications/MAMP/htdocs/block1/третий блок 2/myapp/vendor/laravel/framework/src/Illuminate/Console/Command.php(180): Symfony\\Component\\Console\\Command\\Command->run(Object(Symfony\\Component\\Console\\Input\\ArgvInput), Object(Illuminate\\Console\\OutputStyle))
#23 /Applications/MAMP/htdocs/block1/третий блок 2/myapp/vendor/symfony/console/Application.php(1073): Illuminate\\Console\\Command->run(Object(Symfony\\Component\\Console\\Input\\ArgvInput), Object(Symfony\\Component\\Console\\Output\\ConsoleOutput))
#24 /Applications/MAMP/htdocs/block1/третий блок 2/myapp/vendor/symfony/console/Application.php(356): Symfony\\Component\\Console\\Application->doRunCommand(Object(Illuminate\\Database\\Console\\Migrations\\MigrateCommand), Object(Symfony\\Component\\Console\\Input\\ArgvInput), Object(Symfony\\Component\\Console\\Output\\ConsoleOutput))
#25 /Applications/MAMP/htdocs/block1/третий блок 2/myapp/vendor/symfony/console/Application.php(195): Symfony\\Component\\Console\\Application->doRun(Object(Symfony\\Component\\Console\\Input\\ArgvInput), Object(Symfony\\Component\\Console\\Output\\ConsoleOutput))
#26 /Applications/MAMP/htdocs/block1/третий блок 2/myapp/vendor/laravel/framework/src/Illuminate/Foundation/Console/Kernel.php(197): Symfony\\Component\\Console\\Application->run(Object(Symfony\\Component\\Console\\Input\\ArgvInput), Object(Symfony\\Component\\Console\\Output\\ConsoleOutput))
#27 /Applications/MAMP/htdocs/block1/третий блок 2/myapp/vendor/laravel/framework/src/Illuminate/Foundation/Application.php(1235): Illuminate\\Foundation\\Console\\Kernel->handle(Object(Symfony\\Component\\Console\\Input\\ArgvInput), Object(Symfony\\Component\\Console\\Output\\ConsoleOutput))
#28 /Applications/MAMP/htdocs/block1/третий блок 2/myapp/artisan(16): Illuminate\\Foundation\\Application->handleCommand(Object(Symfony\\Component\\Console\\Input\\ArgvInput))
#29 {main}

[previous exception] [object] (PDOException(code: 1049): SQLSTATE[HY000] [1049] Unknown database 'laravel' at /Applications/MAMP/htdocs/block1/третий блок 2/myapp/vendor/laravel/framework/src/Illuminate/Database/Connectors/Connector.php:67)
[stacktrace]
#0 /Applications/MAMP/htdocs/block1/третий блок 2/myapp/vendor/laravel/framework/src/Illuminate/Database/Connectors/Connector.php(67): PDO::connect('mysql:host=127....', 'root', Object(SensitiveParameterValue), Array)
#1 /Applications/MAMP/htdocs/block1/третий блок 2/myapp/vendor/laravel/framework/src/Illuminate/Database/Connectors/Connector.php(44): Illuminate\\Database\\Connectors\\Connector->createPdoConnection('mysql:host=127....', 'root', Object(SensitiveParameterValue), Array)
#2 /Applications/MAMP/htdocs/block1/третий блок 2/myapp/vendor/laravel/framework/src/Illuminate/Database/Connectors/MySqlConnector.php(24): Illuminate\\Database\\Connectors\\Connector->createConnection('mysql:host=127....', Array, Array)
#3 /Applications/MAMP/htdocs/block1/третий блок 2/myapp/vendor/laravel/framework/src/Illuminate/Database/Connectors/ConnectionFactory.php(184): Illuminate\\Database\\Connectors\\MySqlConnector->connect(Array)
#4 [internal function]: Illuminate\\Database\\Connectors\\ConnectionFactory->{closure:Illuminate\\Database\\Connectors\\ConnectionFactory::createPdoResolverWithHosts():179}()
#5 /Applications/MAMP/htdocs/block1/третий блок 2/myapp/vendor/laravel/framework/src/Illuminate/Database/Connection.php(1234): call_user_func(Object(Closure))
#6 /Applications/MAMP/htdocs/block1/третий блок 2/myapp/vendor/laravel/framework/src/Illuminate/Database/Connection.php(1270): Illuminate\\Database\\Connection->getPdo()
#7 /Applications/MAMP/htdocs/block1/третий блок 2/myapp/vendor/laravel/framework/src/Illuminate/Database/Connection.php(511): Illuminate\\Database\\Connection->getReadPdo()
#8 /Applications/MAMP/htdocs/block1/третий блок 2/myapp/vendor/laravel/framework/src/Illuminate/Database/Connection.php(406): Illuminate\\Database\\Connection->getPdoForSelect(true)
#9 /Applications/MAMP/htdocs/block1/третий блок 2/myapp/vendor/laravel/framework/src/Illuminate/Database/Connection.php(811): Illuminate\\Database\\Connection->{closure:Illuminate\\Database\\Connection::select():397}('select exists (...', Array)
#10 /Applications/MAMP/htdocs/block1/третий блок 2/myapp/vendor/laravel/framework/src/Illuminate/Database/Connection.php(778): Illuminate\\Database\\Connection->runQueryCallback('select exists (...', Array, Object(Closure))
#11 /Applications/MAMP/htdocs/block1/третий блок 2/myapp/vendor/laravel/framework/src/Illuminate/Database/Connection.php(397): Illuminate\\Database\\Connection->run('select exists (...', Array, Object(Closure))
#12 /Applications/MAMP/htdocs/block1/третий блок 2/myapp/vendor/laravel/framework/src/Illuminate/Database/Connection.php(343): Illuminate\\Database\\Connection->select('select exists (...', Array, true)
#13 /Applications/MAMP/htdocs/block1/третий блок 2/myapp/vendor/laravel/framework/src/Illuminate/Database/Connection.php(360): Illuminate\\Database\\Connection->selectOne('select exists (...', Array, true)
#14 /Applications/MAMP/htdocs/block1/третий блок 2/myapp/vendor/laravel/framework/src/Illuminate/Database/Schema/Builder.php(174): Illuminate\\Database\\Connection->scalar('select exists (...')
#15 /Applications/MAMP/htdocs/block1/третий блок 2/myapp/vendor/laravel/framework/src/Illuminate/Database/Migrations/DatabaseMigrationRepository.php(185): Illuminate\\Database\\Schema\\Builder->hasTable('migrations')
#16 /Applications/MAMP/htdocs/block1/третий блок 2/myapp/vendor/laravel/framework/src/Illuminate/Database/Migrations/Migrator.php(753): Illuminate\\Database\\Migrations\\DatabaseMigrationRepository->repositoryExists()
#17 /Applications/MAMP/htdocs/block1/третий блок 2/myapp/vendor/laravel/framework/src/Illuminate/Database/Console/Migrations/MigrateCommand.php(164): Illuminate\\Database\\Migrations\\Migrator->repositoryExists()
#18 /Applications/MAMP/htdocs/block1/третий блок 2/myapp/vendor/laravel/framework/src/Illuminate/Support/helpers.php(329): Illuminate\\Database\\Console\\Migrations\\MigrateCommand->{closure:Illuminate\\Database\\Console\\Migrations\\MigrateCommand::repositoryExists():164}(1)
#19 /Applications/MAMP/htdocs/block1/третий блок 2/myapp/vendor/laravel/framework/src/Illuminate/Database/Console/Migrations/MigrateCommand.php(164): retry(1, Object(Closure), 0, Object(Closure))
#20 /Applications/MAMP/htdocs/block1/третий блок 2/myapp/vendor/laravel/framework/src/Illuminate/Database/Console/Migrations/MigrateCommand.php(140): Illuminate\\Database\\Console\\Migrations\\MigrateCommand->repositoryExists()
#21 /Applications/MAMP/htdocs/block1/третий блок 2/myapp/vendor/laravel/framework/src/Illuminate/Database/Console/Migrations/MigrateCommand.php(110): Illuminate\\Database\\Console\\Migrations\\MigrateCommand->prepareDatabase()
#22 /Applications/MAMP/htdocs/block1/третий блок 2/myapp/vendor/laravel/framework/src/Illuminate/Database/Migrations/Migrator.php(666): Illuminate\\Database\\Console\\Migrations\\MigrateCommand->{closure:Illuminate\\Database\\Console\\Migrations\\MigrateCommand::runMigrations():109}()
#23 /Applications/MAMP/htdocs/block1/третий блок 2/myapp/vendor/laravel/framework/src/Illuminate/Database/Console/Migrations/MigrateCommand.php(109): Illuminate\\Database\\Migrations\\Migrator->usingConnection(NULL, Object(Closure))
#24 /Applications/MAMP/htdocs/block1/третий блок 2/myapp/vendor/laravel/framework/src/Illuminate/Database/Console/Migrations/MigrateCommand.php(88): Illuminate\\Database\\Console\\Migrations\\MigrateCommand->runMigrations()
#25 /Applications/MAMP/htdocs/block1/третий блок 2/myapp/vendor/laravel/framework/src/Illuminate/Container/BoundMethod.php(36): Illuminate\\Database\\Console\\Migrations\\MigrateCommand->handle()
#26 /Applications/MAMP/htdocs/block1/третий блок 2/myapp/vendor/laravel/framework/src/Illuminate/Container/Util.php(43): Illuminate\\Container\\BoundMethod::{closure:Illuminate\\Container\\BoundMethod::call():35}()
#27 /Applications/MAMP/htdocs/block1/третий блок 2/myapp/vendor/laravel/framework/src/Illuminate/Container/BoundMethod.php(96): Illuminate\\Container\\Util::unwrapIfClosure(Object(Closure))
#28 /Applications/MAMP/htdocs/block1/третий блок 2/myapp/vendor/laravel/framework/src/Illuminate/Container/BoundMethod.php(35): Illuminate\\Container\\BoundMethod::callBoundMethod(Object(Illuminate\\Foundation\\Application), Array, Object(Closure))
#29 /Applications/MAMP/htdocs/block1/третий блок 2/myapp/vendor/laravel/framework/src/Illuminate/Container/Container.php(836): Illuminate\\Container\\BoundMethod::call(Object(Illuminate\\Foundation\\Application), Array, Array, NULL)
#30 /Applications/MAMP/htdocs/block1/третий блок 2/myapp/vendor/laravel/framework/src/Illuminate/Console/Command.php(211): Illuminate\\Container\\Container->call(Array)
#31 /Applications/MAMP/htdocs/block1/третий блок 2/myapp/vendor/symfony/console/Command/Command.php(318): Illuminate\\Console\\Command->execute(Object(Symfony\\Component\\Console\\Input\\ArgvInput), Object(Illuminate\\Console\\OutputStyle))
#32 /Applications/MAMP/htdocs/block1/третий блок 2/myapp/vendor/laravel/framework/src/Illuminate/Console/Command.php(180): Symfony\\Component\\Console\\Command\\Command->run(Object(Symfony\\Component\\Console\\Input\\ArgvInput), Object(Illuminate\\Console\\OutputStyle))
#33 /Applications/MAMP/htdocs/block1/третий блок 2/myapp/vendor/symfony/console/Application.php(1073): Illuminate\\Console\\Command->run(Object(Symfony\\Component\\Console\\Input\\ArgvInput), Object(Symfony\\Component\\Console\\Output\\ConsoleOutput))
#34 /Applications/MAMP/htdocs/block1/третий блок 2/myapp/vendor/symfony/console/Application.php(356): Symfony\\Component\\Console\\Application->doRunCommand(Object(Illuminate\\Database\\Console\\Migrations\\MigrateCommand), Object(Symfony\\Component\\Console\\Input\\ArgvInput), Object(Symfony\\Component\\Console\\Output\\ConsoleOutput))
#35 /Applications/MAMP/htdocs/block1/третий блок 2/myapp/vendor/symfony/console/Application.php(195): Symfony\\Component\\Console\\Application->doRun(Object(Symfony\\Component\\Console\\Input\\ArgvInput), Object(Symfony\\Component\\Console\\Output\\ConsoleOutput))
#36 /Applications/MAMP/htdocs/block1/третий блок 2/myapp/vendor/laravel/framework/src/Illuminate/Foundation/Console/Kernel.php(197): Symfony\\Component\\Console\\Application->run(Object(Symfony\\Component\\Console\\Input\\ArgvInput), Object(Symfony\\Component\\Console\\Output\\ConsoleOutput))
#37 /Applications/MAMP/htdocs/block1/третий блок 2/myapp/vendor/laravel/framework/src/Illuminate/Foundation/Application.php(1235): Illuminate\\Foundation\\Console\\Kernel->handle(Object(Symfony\\Component\\Console\\Input\\ArgvInput), Object(Symfony\\Component\\Console\\Output\\ConsoleOutput))
#38 /Applications/MAMP/htdocs/block1/третий блок 2/myapp/artisan(16): Illuminate\\Foundation\\Application->handleCommand(Object(Symfony\\Component\\Console\\Input\\ArgvInput))
#39 {main}
"} 
[2025-11-01 19:23:27] local.ERROR: SQLSTATE[HY000] [1049] Unknown database 'laravel' (Connection: mysql, SQL: select exists (select 1 from information_schema.tables where table_schema = schema() and table_name = 'migrations' and table_type in ('BASE TABLE', 'SYSTEM VERSIONED')) as `exists`) {"exception":"[object] (Illuminate\\Database\\QueryException(code: 1049): SQLSTATE[HY000] [1049] Unknown database 'laravel' (Connection: mysql, SQL: select exists (select 1 from information_schema.tables where table_schema = schema() and table_name = 'migrations' and table_type in ('BASE TABLE', 'SYSTEM VERSIONED')) as `exists`) at /Applications/MAMP/htdocs/block1/третий блок 2/myapp/vendor/laravel/framework/src/Illuminate/Database/Connection.php:824)
[stacktrace]
#0 /Applications/MAMP/htdocs/block1/третий блок 2/myapp/vendor/laravel/framework/src/Illuminate/Database/Connection.php(778): Illuminate\\Database\\Connection->runQueryCallback('select exists (...', Array, Object(Closure))
#1 /Applications/MAMP/htdocs/block1/третий блок 2/myapp/vendor/laravel/framework/src/Illuminate/Database/Connection.php(397): Illuminate\\Database\\Connection->run('select exists (...', Array, Object(Closure))
#2 /Applications/MAMP/htdocs/block1/третий блок 2/myapp/vendor/laravel/framework/src/Illuminate/Database/Connection.php(343): Illuminate\\Database\\Connection->select('select exists (...', Array, true)
#3 /Applications/MAMP/htdocs/block1/третий блок 2/myapp/vendor/laravel/framework/src/Illuminate/Database/Connection.php(360): Illuminate\\Database\\Connection->selectOne('select exists (...', Array, true)
#4 /Applications/MAMP/htdocs/block1/третий блок 2/myapp/vendor/laravel/framework/src/Illuminate/Database/Schema/Builder.php(174): Illuminate\\Database\\Connection->scalar('select exists (...')
#5 /Applications/MAMP/htdocs/block1/третий блок 2/myapp/vendor/laravel/framework/src/Illuminate/Database/Migrations/DatabaseMigrationRepository.php(185): Illuminate\\Database\\Schema\\Builder->hasTable('migrations')
#6 /Applications/MAMP/htdocs/block1/третий блок 2/myapp/vendor/laravel/framework/src/Illuminate/Database/Migrations/Migrator.php(753): Illuminate\\Database\\Migrations\\DatabaseMigrationRepository->repositoryExists()
#7 /Applications/MAMP/htdocs/block1/третий блок 2/myapp/vendor/laravel/framework/src/Illuminate/Database/Console/Migrations/MigrateCommand.php(164): Illuminate\\Database\\Migrations\\Migrator->repositoryExists()
#8 /Applications/MAMP/htdocs/block1/третий блок 2/myapp/vendor/laravel/framework/src/Illuminate/Support/helpers.php(329): Illuminate\\Database\\Console\\Migrations\\MigrateCommand->{closure:Illuminate\\Database\\Console\\Migrations\\MigrateCommand::repositoryExists():164}(1)
#9 /Applications/MAMP/htdocs/block1/третий блок 2/myapp/vendor/laravel/framework/src/Illuminate/Database/Console/Migrations/MigrateCommand.php(164): retry(1, Object(Closure), 0, Object(Closure))
#10 /Applications/MAMP/htdocs/block1/третий блок 2/myapp/vendor/laravel/framework/src/Illuminate/Database/Console/Migrations/MigrateCommand.php(140): Illuminate\\Database\\Console\\Migrations\\MigrateCommand->repositoryExists()
#11 /Applications/MAMP/htdocs/block1/третий блок 2/myapp/vendor/laravel/framework/src/Illuminate/Database/Console/Migrations/MigrateCommand.php(110): Illuminate\\Database\\Console\\Migrations\\MigrateCommand->prepareDatabase()
#12 /Applications/MAMP/htdocs/block1/третий блок 2/myapp/vendor/laravel/framework/src/Illuminate/Database/Migrations/Migrator.php(666): Illuminate\\Database\\Console\\Migrations\\MigrateCommand->{closure:Illuminate\\Database\\Console\\Migrations\\MigrateCommand::runMigrations():109}()
#13 /Applications/MAMP/htdocs/block1/третий блок 2/myapp/vendor/laravel/framework/src/Illuminate/Database/Console/Migrations/MigrateCommand.php(109): Illuminate\\Database\\Migrations\\Migrator->usingConnection(NULL, Object(Closure))
#14 /Applications/MAMP/htdocs/block1/третий блок 2/myapp/vendor/laravel/framework/src/Illuminate/Database/Console/Migrations/MigrateCommand.php(88): Illuminate\\Database\\Console\\Migrations\\MigrateCommand->runMigrations()
#15 /Applications/MAMP/htdocs/block1/третий блок 2/myapp/vendor/laravel/framework/src/Illuminate/Container/BoundMethod.php(36): Illuminate\\Database\\Console\\Migrations\\MigrateCommand->handle()
#16 /Applications/MAMP/htdocs/block1/третий блок 2/myapp/vendor/laravel/framework/src/Illuminate/Container/Util.php(43): Illuminate\\Container\\BoundMethod::{closure:Illuminate\\Container\\BoundMethod::call():35}()
#17 /Applications/MAMP/htdocs/block1/третий блок 2/myapp/vendor/laravel/framework/src/Illuminate/Container/BoundMethod.php(96): Illuminate\\Container\\Util::unwrapIfClosure(Object(Closure))
#18 /Applications/MAMP/htdocs/block1/третий блок 2/myapp/vendor/laravel/framework/src/Illuminate/Container/BoundMethod.php(35): Illuminate\\Container\\BoundMethod::callBoundMethod(Object(Illuminate\\Foundation\\Application), Array, Object(Closure))
#19 /Applications/MAMP/htdocs/block1/третий блок 2/myapp/vendor/laravel/framework/src/Illuminate/Container/Container.php(836): Illuminate\\Container\\BoundMethod::call(Object(Illuminate\\Foundation\\Application), Array, Array, NULL)
#20 /Applications/MAMP/htdocs/block1/третий блок 2/myapp/vendor/laravel/framework/src/Illuminate/Console/Command.php(211): Illuminate\\Container\\Container->call(Array)
#21 /Applications/MAMP/htdocs/block1/третий блок 2/myapp/vendor/symfony/console/Command/Command.php(318): Illuminate\\Console\\Command->execute(Object(Symfony\\Component\\Console\\Input\\ArgvInput), Object(Illuminate\\Console\\OutputStyle))
#22 /Applications/MAMP/htdocs/block1/третий блок 2/myapp/vendor/laravel/framework/src/Illuminate/Console/Command.php(180): Symfony\\Component\\Console\\Command\\Command->run(Object(Symfony\\Component\\Console\\Input\\ArgvInput), Object(Illuminate\\Console\\OutputStyle))
#23 /Applications/MAMP/htdocs/block1/третий блок 2/myapp/vendor/symfony/console/Application.php(1073): Illuminate\\Console\\Command->run(Object(Symfony\\Component\\Console\\Input\\ArgvInput), Object(Symfony\\Component\\Console\\Output\\ConsoleOutput))
#24 /Applications/MAMP/htdocs/block1/третий блок 2/myapp/vendor/symfony/console/Application.php(356): Symfony\\Component\\Console\\Application->doRunCommand(Object(Illuminate\\Database\\Console\\Migrations\\MigrateCommand), Object(Symfony\\Component\\Console\\Input\\ArgvInput), Object(Symfony\\Component\\Console\\Output\\ConsoleOutput))
#25 /Applications/MAMP/htdocs/block1/третий блок 2/myapp/vendor/symfony/console/Application.php(195): Symfony\\Component\\Console\\Application->doRun(Object(Symfony\\Component\\Console\\Input\\ArgvInput), Object(Symfony\\Component\\Console\\Output\\ConsoleOutput))
#26 /Applications/MAMP/htdocs/block1/третий блок 2/myapp/vendor/laravel/framework/src/Illuminate/Foundation/Console/Kernel.php(197): Symfony\\Component\\Console\\Application->run(Object(Symfony\\Component\\Console\\Input\\ArgvInput), Object(Symfony\\Component\\Console\\Output\\ConsoleOutput))
#27 /Applications/MAMP/htdocs/block1/третий блок 2/myapp/vendor/laravel/framework/src/Illuminate/Foundation/Application.php(1235): Illuminate\\Foundation\\Console\\Kernel->handle(Object(Symfony\\Component\\Console\\Input\\ArgvInput), Object(Symfony\\Component\\Console\\Output\\ConsoleOutput))
#28 /Applications/MAMP/htdocs/block1/третий блок 2/myapp/artisan(16): Illuminate\\Foundation\\Application->handleCommand(Object(Symfony\\Component\\Console\\Input\\ArgvInput))
#29 {main}

[previous exception] [object] (PDOException(code: 1049): SQLSTATE[HY000] [1049] Unknown database 'laravel' at /Applications/MAMP/htdocs/block1/третий блок 2/myapp/vendor/laravel/framework/src/Illuminate/Database/Connectors/Connector.php:67)
[stacktrace]
#0 /Applications/MAMP/htdocs/block1/третий блок 2/myapp/vendor/laravel/framework/src/Illuminate/Database/Connectors/Connector.php(67): PDO::connect('mysql:host=127....', 'root', Object(SensitiveParameterValue), Array)
#1 /Applications/MAMP/htdocs/block1/третий блок 2/myapp/vendor/laravel/framework/src/Illuminate/Database/Connectors/Connector.php(44): Illuminate\\Database\\Connectors\\Connector->createPdoConnection('mysql:host=127....', 'root', Object(SensitiveParameterValue), Array)
#2 /Applications/MAMP/htdocs/block1/третий блок 2/myapp/vendor/laravel/framework/src/Illuminate/Database/Connectors/MySqlConnector.php(24): Illuminate\\Database\\Connectors\\Connector->createConnection('mysql:host=127....', Array, Array)
#3 /Applications/MAMP/htdocs/block1/третий блок 2/myapp/vendor/laravel/framework/src/Illuminate/Database/Connectors/ConnectionFactory.php(184): Illuminate\\Database\\Connectors\\MySqlConnector->connect(Array)
#4 [internal function]: Illuminate\\Database\\Connectors\\ConnectionFactory->{closure:Illuminate\\Database\\Connectors\\ConnectionFactory::createPdoResolverWithHosts():179}()
#5 /Applications/MAMP/htdocs/block1/третий блок 2/myapp/vendor/laravel/framework/src/Illuminate/Database/Connection.php(1234): call_user_func(Object(Closure))
#6 /Applications/MAMP/htdocs/block1/третий блок 2/myapp/vendor/laravel/framework/src/Illuminate/Database/Connection.php(1270): Illuminate\\Database\\Connection->getPdo()
#7 /Applications/MAMP/htdocs/block1/третий блок 2/myapp/vendor/laravel/framework/src/Illuminate/Database/Connection.php(511): Illuminate\\Database\\Connection->getReadPdo()
#8 /Applications/MAMP/htdocs/block1/третий блок 2/myapp/vendor/laravel/framework/src/Illuminate/Database/Connection.php(406): Illuminate\\Database\\Connection->getPdoForSelect(true)
#9 /Applications/MAMP/htdocs/block1/третий блок 2/myapp/vendor/laravel/framework/src/Illuminate/Database/Connection.php(811): Illuminate\\Database\\Connection->{closure:Illuminate\\Database\\Connection::select():397}('select exists (...', Array)
#10 /Applications/MAMP/htdocs/block1/третий блок 2/myapp/vendor/laravel/framework/src/Illuminate/Database/Connection.php(778): Illuminate\\Database\\Connection->runQueryCallback('select exists (...', Array, Object(Closure))
#11 /Applications/MAMP/htdocs/block1/третий блок 2/myapp/vendor/laravel/framework/src/Illuminate/Database/Connection.php(397): Illuminate\\Database\\Connection->run('select exists (...', Array, Object(Closure))
#12 /Applications/MAMP/htdocs/block1/третий блок 2/myapp/vendor/laravel/framework/src/Illuminate/Database/Connection.php(343): Illuminate\\Database\\Connection->select('select exists (...', Array, true)
#13 /Applications/MAMP/htdocs/block1/третий блок 2/myapp/vendor/laravel/framework/src/Illuminate/Database/Connection.php(360): Illuminate\\Database\\Connection->selectOne('select exists (...', Array, true)
#14 /Applications/MAMP/htdocs/block1/третий блок 2/myapp/vendor/laravel/framework/src/Illuminate/Database/Schema/Builder.php(174): Illuminate\\Database\\Connection->scalar('select exists (...')
#15 /Applications/MAMP/htdocs/block1/третий блок 2/myapp/vendor/laravel/framework/src/Illuminate/Database/Migrations/DatabaseMigrationRepository.php(185): Illuminate\\Database\\Schema\\Builder->hasTable('migrations')
#16 /Applications/MAMP/htdocs/block1/третий блок 2/myapp/vendor/laravel/framework/src/Illuminate/Database/Migrations/Migrator.php(753): Illuminate\\Database\\Migrations\\DatabaseMigrationRepository->repositoryExists()
#17 /Applications/MAMP/htdocs/block1/третий блок 2/myapp/vendor/laravel/framework/src/Illuminate/Database/Console/Migrations/MigrateCommand.php(164): Illuminate\\Database\\Migrations\\Migrator->repositoryExists()
#18 /Applications/MAMP/htdocs/block1/третий блок 2/myapp/vendor/laravel/framework/src/Illuminate/Support/helpers.php(329): Illuminate\\Database\\Console\\Migrations\\MigrateCommand->{closure:Illuminate\\Database\\Console\\Migrations\\MigrateCommand::repositoryExists():164}(1)
#19 /Applications/MAMP/htdocs/block1/третий блок 2/myapp/vendor/laravel/framework/src/Illuminate/Database/Console/Migrations/MigrateCommand.php(164): retry(1, Object(Closure), 0, Object(Closure))
#20 /Applications/MAMP/htdocs/block1/третий блок 2/myapp/vendor/laravel/framework/src/Illuminate/Database/Console/Migrations/MigrateCommand.php(140): Illuminate\\Database\\Console\\Migrations\\MigrateCommand->repositoryExists()
#21 /Applications/MAMP/htdocs/block1/третий блок 2/myapp/vendor/laravel/framework/src/Illuminate/Database/Console/Migrations/MigrateCommand.php(110): Illuminate\\Database\\Console\\Migrations\\MigrateCommand->prepareDatabase()
#22 /Applications/MAMP/htdocs/block1/третий блок 2/myapp/vendor/laravel/framework/src/Illuminate/Database/Migrations/Migrator.php(666): Illuminate\\Database\\Console\\Migrations\\MigrateCommand->{closure:Illuminate\\Database\\Console\\Migrations\\MigrateCommand::runMigrations():109}()
#23 /Applications/MAMP/htdocs/block1/третий блок 2/myapp/vendor/laravel/framework/src/Illuminate/Database/Console/Migrations/MigrateCommand.php(109): Illuminate\\Database\\Migrations\\Migrator->usingConnection(NULL, Object(Closure))
#24 /Applications/MAMP/htdocs/block1/третий блок 2/myapp/vendor/laravel/framework/src/Illuminate/Database/Console/Migrations/MigrateCommand.php(88): Illuminate\\Database\\Console\\Migrations\\MigrateCommand->runMigrations()
#25 /Applications/MAMP/htdocs/block1/третий блок 2/myapp/vendor/laravel/framework/src/Illuminate/Container/BoundMethod.php(36): Illuminate\\Database\\Console\\Migrations\\MigrateCommand->handle()
#26 /Applications/MAMP/htdocs/block1/третий блок 2/myapp/vendor/laravel/framework/src/Illuminate/Container/Util.php(43): Illuminate\\Container\\BoundMethod::{closure:Illuminate\\Container\\BoundMethod::call():35}()
#27 /Applications/MAMP/htdocs/block1/третий блок 2/myapp/vendor/laravel/framework/src/Illuminate/Container/BoundMethod.php(96): Illuminate\\Container\\Util::unwrapIfClosure(Object(Closure))
#28 /Applications/MAMP/htdocs/block1/третий блок 2/myapp/vendor/laravel/framework/src/Illuminate/Container/BoundMethod.php(35): Illuminate\\Container\\BoundMethod::callBoundMethod(Object(Illuminate\\Foundation\\Application), Array, Object(Closure))
#29 /Applications/MAMP/htdocs/block1/третий блок 2/myapp/vendor/laravel/framework/src/Illuminate/Container/Container.php(836): Illuminate\\Container\\BoundMethod::call(Object(Illuminate\\Foundation\\Application), Array, Array, NULL)
#30 /Applications/MAMP/htdocs/block1/третий блок 2/myapp/vendor/laravel/framework/src/Illuminate/Console/Command.php(211): Illuminate\\Container\\Container->call(Array)
#31 /Applications/MAMP/htdocs/block1/третий блок 2/myapp/vendor/symfony/console/Command/Command.php(318): Illuminate\\Console\\Command->execute(Object(Symfony\\Component\\Console\\Input\\ArgvInput), Object(Illuminate\\Console\\OutputStyle))
#32 /Applications/MAMP/htdocs/block1/третий блок 2/myapp/vendor/laravel/framework/src/Illuminate/Console/Command.php(180): Symfony\\Component\\Console\\Command\\Command->run(Object(Symfony\\Component\\Console\\Input\\ArgvInput), Object(Illuminate\\Console\\OutputStyle))
#33 /Applications/MAMP/htdocs/block1/третий блок 2/myapp/vendor/symfony/console/Application.php(1073): Illuminate\\Console\\Command->run(Object(Symfony\\Component\\Console\\Input\\ArgvInput), Object(Symfony\\Component\\Console\\Output\\ConsoleOutput))
#34 /Applications/MAMP/htdocs/block1/третий блок 2/myapp/vendor/symfony/console/Application.php(356): Symfony\\Component\\Console\\Application->doRunCommand(Object(Illuminate\\Database\\Console\\Migrations\\MigrateCommand), Object(Symfony\\Component\\Console\\Input\\ArgvInput), Object(Symfony\\Component\\Console\\Output\\ConsoleOutput))
#35 /Applications/MAMP/htdocs/block1/третий блок 2/myapp/vendor/symfony/console/Application.php(195): Symfony\\Component\\Console\\Application->doRun(Object(Symfony\\Component\\Console\\Input\\ArgvInput), Object(Symfony\\Component\\Console\\Output\\ConsoleOutput))
#36 /Applications/MAMP/htdocs/block1/третий блок 2/myapp/vendor/laravel/framework/src/Illuminate/Foundation/Console/Kernel.php(197): Symfony\\Component\\Console\\Application->run(Object(Symfony\\Component\\Console\\Input\\ArgvInput), Object(Symfony\\Component\\Console\\Output\\ConsoleOutput))
#37 /Applications/MAMP/htdocs/block1/третий блок 2/myapp/vendor/laravel/framework/src/Illuminate/Foundation/Application.php(1235): Illuminate\\Foundation\\Console\\Kernel->handle(Object(Symfony\\Component\\Console\\Input\\ArgvInput), Object(Symfony\\Component\\Console\\Output\\ConsoleOutput))
#38 /Applications/MAMP/htdocs/block1/третий блок 2/myapp/artisan(16): Illuminate\\Foundation\\Application->handleCommand(Object(Symfony\\Component\\Console\\Input\\ArgvInput))
#39 {main}
"} 
[2025-11-01 19:29:23] local.ERROR: SQLSTATE[HY000] [1049] Unknown database 'laravel' (Connection: mysql, SQL: select exists (select 1 from information_schema.tables where table_schema = schema() and table_name = 'migrations' and table_type in ('BASE TABLE', 'SYSTEM VERSIONED')) as `exists`) {"exception":"[object] (Illuminate\\Database\\QueryException(code: 1049): SQLSTATE[HY000] [1049] Unknown database 'laravel' (Connection: mysql, SQL: select exists (select 1 from information_schema.tables where table_schema = schema() and table_name = 'migrations' and table_type in ('BASE TABLE', 'SYSTEM VERSIONED')) as `exists`) at /Applications/MAMP/htdocs/block1/третий блок 2/myapp/vendor/laravel/framework/src/Illuminate/Database/Connection.php:824)
[stacktrace]
#0 /Applications/MAMP/htdocs/block1/третий блок 2/myapp/vendor/laravel/framework/src/Illuminate/Database/Connection.php(778): Illuminate\\Database\\Connection->runQueryCallback('select exists (...', Array, Object(Closure))
#1 /Applications/MAMP/htdocs/block1/третий блок 2/myapp/vendor/laravel/framework/src/Illuminate/Database/Connection.php(397): Illuminate\\Database\\Connection->run('select exists (...', Array, Object(Closure))
#2 /Applications/MAMP/htdocs/block1/третий блок 2/myapp/vendor/laravel/framework/src/Illuminate/Database/Connection.php(343): Illuminate\\Database\\Connection->select('select exists (...', Array, true)
#3 /Applications/MAMP/htdocs/block1/третий блок 2/myapp/vendor/laravel/framework/src/Illuminate/Database/Connection.php(360): Illuminate\\Database\\Connection->selectOne('select exists (...', Array, true)
#4 /Applications/MAMP/htdocs/block1/третий блок 2/myapp/vendor/laravel/framework/src/Illuminate/Database/Schema/Builder.php(174): Illuminate\\Database\\Connection->scalar('select exists (...')
#5 /Applications/MAMP/htdocs/block1/третий блок 2/myapp/vendor/laravel/framework/src/Illuminate/Database/Migrations/DatabaseMigrationRepository.php(185): Illuminate\\Database\\Schema\\Builder->hasTable('migrations')
#6 /Applications/MAMP/htdocs/block1/третий блок 2/myapp/vendor/laravel/framework/src/Illuminate/Database/Migrations/Migrator.php(753): Illuminate\\Database\\Migrations\\DatabaseMigrationRepository->repositoryExists()
#7 /Applications/MAMP/htdocs/block1/третий блок 2/myapp/vendor/laravel/framework/src/Illuminate/Database/Console/Migrations/MigrateCommand.php(164): Illuminate\\Database\\Migrations\\Migrator->repositoryExists()
#8 /Applications/MAMP/htdocs/block1/третий блок 2/myapp/vendor/laravel/framework/src/Illuminate/Support/helpers.php(329): Illuminate\\Database\\Console\\Migrations\\MigrateCommand->{closure:Illuminate\\Database\\Console\\Migrations\\MigrateCommand::repositoryExists():164}(1)
#9 /Applications/MAMP/htdocs/block1/третий блок 2/myapp/vendor/laravel/framework/src/Illuminate/Database/Console/Migrations/MigrateCommand.php(164): retry(1, Object(Closure), 0, Object(Closure))
#10 /Applications/MAMP/htdocs/block1/третий блок 2/myapp/vendor/laravel/framework/src/Illuminate/Database/Console/Migrations/MigrateCommand.php(140): Illuminate\\Database\\Console\\Migrations\\MigrateCommand->repositoryExists()
#11 /Applications/MAMP/htdocs/block1/третий блок 2/myapp/vendor/laravel/framework/src/Illuminate/Database/Console/Migrations/MigrateCommand.php(110): Illuminate\\Database\\Console\\Migrations\\MigrateCommand->prepareDatabase()
#12 /Applications/MAMP/htdocs/block1/третий блок 2/myapp/vendor/laravel/framework/src/Illuminate/Database/Migrations/Migrator.php(666): Illuminate\\Database\\Console\\Migrations\\MigrateCommand->{closure:Illuminate\\Database\\Console\\Migrations\\MigrateCommand::runMigrations():109}()
#13 /Applications/MAMP/htdocs/block1/третий блок 2/myapp/vendor/laravel/framework/src/Illuminate/Database/Console/Migrations/MigrateCommand.php(109): Illuminate\\Database\\Migrations\\Migrator->usingConnection(NULL, Object(Closure))
#14 /Applications/MAMP/htdocs/block1/третий блок 2/myapp/vendor/laravel/framework/src/Illuminate/Database/Console/Migrations/MigrateCommand.php(88): Illuminate\\Database\\Console\\Migrations\\MigrateCommand->runMigrations()
#15 /Applications/MAMP/htdocs/block1/третий блок 2/myapp/vendor/laravel/framework/src/Illuminate/Container/BoundMethod.php(36): Illuminate\\Database\\Console\\Migrations\\MigrateCommand->handle()
#16 /Applications/MAMP/htdocs/block1/третий блок 2/myapp/vendor/laravel/framework/src/Illuminate/Container/Util.php(43): Illuminate\\Container\\BoundMethod::{closure:Illuminate\\Container\\BoundMethod::call():35}()
#17 /Applications/MAMP/htdocs/block1/третий блок 2/myapp/vendor/laravel/framework/src/Illuminate/Container/BoundMethod.php(96): Illuminate\\Container\\Util::unwrapIfClosure(Object(Closure))
#18 /Applications/MAMP/htdocs/block1/третий блок 2/myapp/vendor/laravel/framework/src/Illuminate/Container/BoundMethod.php(35): Illuminate\\Container\\BoundMethod::callBoundMethod(Object(Illuminate\\Foundation\\Application), Array, Object(Closure))
#19 /Applications/MAMP/htdocs/block1/третий блок 2/myapp/vendor/laravel/framework/src/Illuminate/Container/Container.php(836): Illuminate\\Container\\BoundMethod::call(Object(Illuminate\\Foundation\\Application), Array, Array, NULL)
#20 /Applications/MAMP/htdocs/block1/третий блок 2/myapp/vendor/laravel/framework/src/Illuminate/Console/Command.php(211): Illuminate\\Container\\Container->call(Array)
#21 /Applications/MAMP/htdocs/block1/третий блок 2/myapp/vendor/symfony/console/Command/Command.php(318): Illuminate\\Console\\Command->execute(Object(Symfony\\Component\\Console\\Input\\ArgvInput), Object(Illuminate\\Console\\OutputStyle))
#22 /Applications/MAMP/htdocs/block1/третий блок 2/myapp/vendor/laravel/framework/src/Illuminate/Console/Command.php(180): Symfony\\Component\\Console\\Command\\Command->run(Object(Symfony\\Component\\Console\\Input\\ArgvInput), Object(Illuminate\\Console\\OutputStyle))
#23 /Applications/MAMP/htdocs/block1/третий блок 2/myapp/vendor/symfony/console/Application.php(1073): Illuminate\\Console\\Command->run(Object(Symfony\\Component\\Console\\Input\\ArgvInput), Object(Symfony\\Component\\Console\\Output\\ConsoleOutput))
#24 /Applications/MAMP/htdocs/block1/третий блок 2/myapp/vendor/symfony/console/Application.php(356): Symfony\\Component\\Console\\Application->doRunCommand(Object(Illuminate\\Database\\Console\\Migrations\\MigrateCommand), Object(Symfony\\Component\\Console\\Input\\ArgvInput), Object(Symfony\\Component\\Console\\Output\\ConsoleOutput))
#25 /Applications/MAMP/htdocs/block1/третий блок 2/myapp/vendor/symfony/console/Application.php(195): Symfony\\Component\\Console\\Application->doRun(Object(Symfony\\Component\\Console\\Input\\ArgvInput), Object(Symfony\\Component\\Console\\Output\\ConsoleOutput))
#26 /Applications/MAMP/htdocs/block1/третий блок 2/myapp/vendor/laravel/framework/src/Illuminate/Foundation/Console/Kernel.php(197): Symfony\\Component\\Console\\Application->run(Object(Symfony\\Component\\Console\\Input\\ArgvInput), Object(Symfony\\Component\\Console\\Output\\ConsoleOutput))
#27 /Applications/MAMP/htdocs/block1/третий блок 2/myapp/vendor/laravel/framework/src/Illuminate/Foundation/Application.php(1235): Illuminate\\Foundation\\Console\\Kernel->handle(Object(Symfony\\Component\\Console\\Input\\ArgvInput), Object(Symfony\\Component\\Console\\Output\\ConsoleOutput))
#28 /Applications/MAMP/htdocs/block1/третий блок 2/myapp/artisan(16): Illuminate\\Foundation\\Application->handleCommand(Object(Symfony\\Component\\Console\\Input\\ArgvInput))
#29 {main}

[previous exception] [object] (PDOException(code: 1049): SQLSTATE[HY000] [1049] Unknown database 'laravel' at /Applications/MAMP/htdocs/block1/третий блок 2/myapp/vendor/laravel/framework/src/Illuminate/Database/Connectors/Connector.php:67)
[stacktrace]
#0 /Applications/MAMP/htdocs/block1/третий блок 2/myapp/vendor/laravel/framework/src/Illuminate/Database/Connectors/Connector.php(67): PDO::connect('mysql:host=127....', 'root', Object(SensitiveParameterValue), Array)
#1 /Applications/MAMP/htdocs/block1/третий блок 2/myapp/vendor/laravel/framework/src/Illuminate/Database/Connectors/Connector.php(44): Illuminate\\Database\\Connectors\\Connector->createPdoConnection('mysql:host=127....', 'root', Object(SensitiveParameterValue), Array)
#2 /Applications/MAMP/htdocs/block1/третий блок 2/myapp/vendor/laravel/framework/src/Illuminate/Database/Connectors/MySqlConnector.php(24): Illuminate\\Database\\Connectors\\Connector->createConnection('mysql:host=127....', Array, Array)
#3 /Applications/MAMP/htdocs/block1/третий блок 2/myapp/vendor/laravel/framework/src/Illuminate/Database/Connectors/ConnectionFactory.php(184): Illuminate\\Database\\Connectors\\MySqlConnector->connect(Array)
#4 [internal function]: Illuminate\\Database\\Connectors\\ConnectionFactory->{closure:Illuminate\\Database\\Connectors\\ConnectionFactory::createPdoResolverWithHosts():179}()
#5 /Applications/MAMP/htdocs/block1/третий блок 2/myapp/vendor/laravel/framework/src/Illuminate/Database/Connection.php(1234): call_user_func(Object(Closure))
#6 /Applications/MAMP/htdocs/block1/третий блок 2/myapp/vendor/laravel/framework/src/Illuminate/Database/Connection.php(1270): Illuminate\\Database\\Connection->getPdo()
#7 /Applications/MAMP/htdocs/block1/третий блок 2/myapp/vendor/laravel/framework/src/Illuminate/Database/Connection.php(511): Illuminate\\Database\\Connection->getReadPdo()
#8 /Applications/MAMP/htdocs/block1/третий блок 2/myapp/vendor/laravel/framework/src/Illuminate/Database/Connection.php(406): Illuminate\\Database\\Connection->getPdoForSelect(true)
#9 /Applications/MAMP/htdocs/block1/третий блок 2/myapp/vendor/laravel/framework/src/Illuminate/Database/Connection.php(811): Illuminate\\Database\\Connection->{closure:Illuminate\\Database\\Connection::select():397}('select exists (...', Array)
#10 /Applications/MAMP/htdocs/block1/третий блок 2/myapp/vendor/laravel/framework/src/Illuminate/Database/Connection.php(778): Illuminate\\Database\\Connection->runQueryCallback('select exists (...', Array, Object(Closure))
#11 /Applications/MAMP/htdocs/block1/третий блок 2/myapp/vendor/laravel/framework/src/Illuminate/Database/Connection.php(397): Illuminate\\Database\\Connection->run('select exists (...', Array, Object(Closure))
#12 /Applications/MAMP/htdocs/block1/третий блок 2/myapp/vendor/laravel/framework/src/Illuminate/Database/Connection.php(343): Illuminate\\Database\\Connection->select('select exists (...', Array, true)
#13 /Applications/MAMP/htdocs/block1/третий блок 2/myapp/vendor/laravel/framework/src/Illuminate/Database/Connection.php(360): Illuminate\\Database\\Connection->selectOne('select exists (...', Array, true)
#14 /Applications/MAMP/htdocs/block1/третий блок 2/myapp/vendor/laravel/framework/src/Illuminate/Database/Schema/Builder.php(174): Illuminate\\Database\\Connection->scalar('select exists (...')
#15 /Applications/MAMP/htdocs/block1/третий блок 2/myapp/vendor/laravel/framework/src/Illuminate/Database/Migrations/DatabaseMigrationRepository.php(185): Illuminate\\Database\\Schema\\Builder->hasTable('migrations')
#16 /Applications/MAMP/htdocs/block1/третий блок 2/myapp/vendor/laravel/framework/src/Illuminate/Database/Migrations/Migrator.php(753): Illuminate\\Database\\Migrations\\DatabaseMigrationRepository->repositoryExists()
#17 /Applications/MAMP/htdocs/block1/третий блок 2/myapp/vendor/laravel/framework/src/Illuminate/Database/Console/Migrations/MigrateCommand.php(164): Illuminate\\Database\\Migrations\\Migrator->repositoryExists()
#18 /Applications/MAMP/htdocs/block1/третий блок 2/myapp/vendor/laravel/framework/src/Illuminate/Support/helpers.php(329): Illuminate\\Database\\Console\\Migrations\\MigrateCommand->{closure:Illuminate\\Database\\Console\\Migrations\\MigrateCommand::repositoryExists():164}(1)
#19 /Applications/MAMP/htdocs/block1/третий блок 2/myapp/vendor/laravel/framework/src/Illuminate/Database/Console/Migrations/MigrateCommand.php(164): retry(1, Object(Closure), 0, Object(Closure))
#20 /Applications/MAMP/htdocs/block1/третий блок 2/myapp/vendor/laravel/framework/src/Illuminate/Database/Console/Migrations/MigrateCommand.php(140): Illuminate\\Database\\Console\\Migrations\\MigrateCommand->repositoryExists()
#21 /Applications/MAMP/htdocs/block1/третий блок 2/myapp/vendor/laravel/framework/src/Illuminate/Database/Console/Migrations/MigrateCommand.php(110): Illuminate\\Database\\Console\\Migrations\\MigrateCommand->prepareDatabase()
#22 /Applications/MAMP/htdocs/block1/третий блок 2/myapp/vendor/laravel/framework/src/Illuminate/Database/Migrations/Migrator.php(666): Illuminate\\Database\\Console\\Migrations\\MigrateCommand->{closure:Illuminate\\Database\\Console\\Migrations\\MigrateCommand::runMigrations():109}()
#23 /Applications/MAMP/htdocs/block1/третий блок 2/myapp/vendor/laravel/framework/src/Illuminate/Database/Console/Migrations/MigrateCommand.php(109): Illuminate\\Database\\Migrations\\Migrator->usingConnection(NULL, Object(Closure))
#24 /Applications/MAMP/htdocs/block1/третий блок 2/myapp/vendor/laravel/framework/src/Illuminate/Database/Console/Migrations/MigrateCommand.php(88): Illuminate\\Database\\Console\\Migrations\\MigrateCommand->runMigrations()
#25 /Applications/MAMP/htdocs/block1/третий блок 2/myapp/vendor/laravel/framework/src/Illuminate/Container/BoundMethod.php(36): Illuminate\\Database\\Console\\Migrations\\MigrateCommand->handle()
#26 /Applications/MAMP/htdocs/block1/третий блок 2/myapp/vendor/laravel/framework/src/Illuminate/Container/Util.php(43): Illuminate\\Container\\BoundMethod::{closure:Illuminate\\Container\\BoundMethod::call():35}()
#27 /Applications/MAMP/htdocs/block1/третий блок 2/myapp/vendor/laravel/framework/src/Illuminate/Container/BoundMethod.php(96): Illuminate\\Container\\Util::unwrapIfClosure(Object(Closure))
#28 /Applications/MAMP/htdocs/block1/третий блок 2/myapp/vendor/laravel/framework/src/Illuminate/Container/BoundMethod.php(35): Illuminate\\Container\\BoundMethod::callBoundMethod(Object(Illuminate\\Foundation\\Application), Array, Object(Closure))
#29 /Applications/MAMP/htdocs/block1/третий блок 2/myapp/vendor/laravel/framework/src/Illuminate/Container/Container.php(836): Illuminate\\Container\\BoundMethod::call(Object(Illuminate\\Foundation\\Application), Array, Array, NULL)
#30 /Applications/MAMP/htdocs/block1/третий блок 2/myapp/vendor/laravel/framework/src/Illuminate/Console/Command.php(211): Illuminate\\Container\\Container->call(Array)
#31 /Applications/MAMP/htdocs/block1/третий блок 2/myapp/vendor/symfony/console/Command/Command.php(318): Illuminate\\Console\\Command->execute(Object(Symfony\\Component\\Console\\Input\\ArgvInput), Object(Illuminate\\Console\\OutputStyle))
#32 /Applications/MAMP/htdocs/block1/третий блок 2/myapp/vendor/laravel/framework/src/Illuminate/Console/Command.php(180): Symfony\\Component\\Console\\Command\\Command->run(Object(Symfony\\Component\\Console\\Input\\ArgvInput), Object(Illuminate\\Console\\OutputStyle))
#33 /Applications/MAMP/htdocs/block1/третий блок 2/myapp/vendor/symfony/console/Application.php(1073): Illuminate\\Console\\Command->run(Object(Symfony\\Component\\Console\\Input\\ArgvInput), Object(Symfony\\Component\\Console\\Output\\ConsoleOutput))
#34 /Applications/MAMP/htdocs/block1/третий блок 2/myapp/vendor/symfony/console/Application.php(356): Symfony\\Component\\Console\\Application->doRunCommand(Object(Illuminate\\Database\\Console\\Migrations\\MigrateCommand), Object(Symfony\\Component\\Console\\Input\\ArgvInput), Object(Symfony\\Component\\Console\\Output\\ConsoleOutput))
#35 /Applications/MAMP/htdocs/block1/третий блок 2/myapp/vendor/symfony/console/Application.php(195): Symfony\\Component\\Console\\Application->doRun(Object(Symfony\\Component\\Console\\Input\\ArgvInput), Object(Symfony\\Component\\Console\\Output\\ConsoleOutput))
#36 /Applications/MAMP/htdocs/block1/третий блок 2/myapp/vendor/laravel/framework/src/Illuminate/Foundation/Console/Kernel.php(197): Symfony\\Component\\Console\\Application->run(Object(Symfony\\Component\\Console\\Input\\ArgvInput), Object(Symfony\\Component\\Console\\Output\\ConsoleOutput))
#37 /Applications/MAMP/htdocs/block1/третий блок 2/myapp/vendor/laravel/framework/src/Illuminate/Foundation/Application.php(1235): Illuminate\\Foundation\\Console\\Kernel->handle(Object(Symfony\\Component\\Console\\Input\\ArgvInput), Object(Symfony\\Component\\Console\\Output\\ConsoleOutput))
#38 /Applications/MAMP/htdocs/block1/третий блок 2/myapp/artisan(16): Illuminate\\Foundation\\Application->handleCommand(Object(Symfony\\Component\\Console\\Input\\ArgvInput))
#39 {main}
"} 
[2025-11-01 19:56:30] local.ERROR: Cannot use temporary expression in write context {"exception":"[object] (Symfony\\Component\\ErrorHandler\\Error\\FatalError(code: 0): Cannot use temporary expression in write context at /Applications/MAMP/htdocs/block1/третий блок 2/myapp/vendor/psy/psysh/src/ExecutionLoopClosure.php(53) : eval()'d code:1)
[stacktrace]
#0 {main}
"} 
[2025-11-01 19:56:30] local.ERROR: Cannot use temporary expression in write context {"exception":"[object] (Symfony\\Component\\ErrorHandler\\Error\\FatalError(code: 0): Cannot use temporary expression in write context at /Applications/MAMP/htdocs/block1/третий блок 2/myapp/vendor/psy/psysh/src/ExecutionLoopClosure.php(53) : eval()'d code:1)
[stacktrace]
#0 {main}
"} 
[2025-11-02 12:45:21] local.ERROR: Class "Database\Seeders\User" not found {"exception":"[object] (Error(code: 0): Class \"Database\\Seeders\\User\" not found at /Applications/MAMP/htdocs/block1/третий блок 2/myapp/database/seeders/UserSeeder.php:49)
[stacktrace]
#0 /Applications/MAMP/htdocs/block1/третий блок 2/myapp/vendor/laravel/framework/src/Illuminate/Container/BoundMethod.php(36): Database\\Seeders\\UserSeeder->run()
#1 /Applications/MAMP/htdocs/block1/третий блок 2/myapp/vendor/laravel/framework/src/Illuminate/Container/Util.php(43): Illuminate\\Container\\BoundMethod::{closure:Illuminate\\Container\\BoundMethod::call():35}()
#2 /Applications/MAMP/htdocs/block1/третий блок 2/myapp/vendor/laravel/framework/src/Illuminate/Container/BoundMethod.php(96): Illuminate\\Container\\Util::unwrapIfClosure(Object(Closure))
#3 /Applications/MAMP/htdocs/block1/третий блок 2/myapp/vendor/laravel/framework/src/Illuminate/Container/BoundMethod.php(35): Illuminate\\Container\\BoundMethod::callBoundMethod(Object(Illuminate\\Foundation\\Application), Array, Object(Closure))
#4 /Applications/MAMP/htdocs/block1/третий блок 2/myapp/vendor/laravel/framework/src/Illuminate/Container/Container.php(836): Illuminate\\Container\\BoundMethod::call(Object(Illuminate\\Foundation\\Application), Array, Array, NULL)
#5 /Applications/MAMP/htdocs/block1/третий блок 2/myapp/vendor/laravel/framework/src/Illuminate/Database/Seeder.php(184): Illuminate\\Container\\Container->call(Array, Array)
#6 /Applications/MAMP/htdocs/block1/третий блок 2/myapp/vendor/laravel/framework/src/Illuminate/Database/Seeder.php(193): Illuminate\\Database\\Seeder->{closure:Illuminate\\Database\\Seeder::__invoke():183}()
#7 /Applications/MAMP/htdocs/block1/третий блок 2/myapp/vendor/laravel/framework/src/Illuminate/Database/Seeder.php(59): Illuminate\\Database\\Seeder->__invoke(Array)
#8 /Applications/MAMP/htdocs/block1/третий блок 2/myapp/database/seeders/DatabaseSeeder.php(24): Illuminate\\Database\\Seeder->call('Database\\\\Seeder...')
#9 /Applications/MAMP/htdocs/block1/третий блок 2/myapp/vendor/laravel/framework/src/Illuminate/Container/BoundMethod.php(36): Database\\Seeders\\DatabaseSeeder->run()
#10 /Applications/MAMP/htdocs/block1/третий блок 2/myapp/vendor/laravel/framework/src/Illuminate/Container/Util.php(43): Illuminate\\Container\\BoundMethod::{closure:Illuminate\\Container\\BoundMethod::call():35}()
#11 /Applications/MAMP/htdocs/block1/третий блок 2/myapp/vendor/laravel/framework/src/Illuminate/Container/BoundMethod.php(96): Illuminate\\Container\\Util::unwrapIfClosure(Object(Closure))
#12 /Applications/MAMP/htdocs/block1/третий блок 2/myapp/vendor/laravel/framework/src/Illuminate/Container/BoundMethod.php(35): Illuminate\\Container\\BoundMethod::callBoundMethod(Object(Illuminate\\Foundation\\Application), Array, Object(Closure))
#13 /Applications/MAMP/htdocs/block1/третий блок 2/myapp/vendor/laravel/framework/src/Illuminate/Container/Container.php(836): Illuminate\\Container\\BoundMethod::call(Object(Illuminate\\Foundation\\Application), Array, Array, NULL)
#14 /Applications/MAMP/htdocs/block1/третий блок 2/myapp/vendor/laravel/framework/src/Illuminate/Database/Seeder.php(184): Illuminate\\Container\\Container->call(Array, Array)
#15 /Applications/MAMP/htdocs/block1/третий блок 2/myapp/vendor/laravel/framework/src/Illuminate/Database/Eloquent/Concerns/HasEvents.php(454): Illuminate\\Database\\Seeder->{closure:Illuminate\\Database\\Seeder::__invoke():183}()
#16 /Applications/MAMP/htdocs/block1/третий блок 2/myapp/vendor/laravel/framework/src/Illuminate/Database/Console/Seeds/WithoutModelEvents.php(17): Illuminate\\Database\\Eloquent\\Model::withoutEvents(Object(Closure))
#17 /Applications/MAMP/htdocs/block1/третий блок 2/myapp/vendor/laravel/framework/src/Illuminate/Database/Seeder.php(193): Database\\Seeders\\DatabaseSeeder->{closure:Illuminate\\Database\\Console\\Seeds\\WithoutModelEvents::withoutModelEvents():17}()
#18 /Applications/MAMP/htdocs/block1/третий блок 2/myapp/vendor/laravel/framework/src/Illuminate/Database/Console/Seeds/SeedCommand.php(71): Illuminate\\Database\\Seeder->__invoke()
#19 /Applications/MAMP/htdocs/block1/третий блок 2/myapp/vendor/laravel/framework/src/Illuminate/Database/Eloquent/Concerns/GuardsAttributes.php(157): Illuminate\\Database\\Console\\Seeds\\SeedCommand->{closure:Illuminate\\Database\\Console\\Seeds\\SeedCommand::handle():70}()
#20 /Applications/MAMP/htdocs/block1/третий блок 2/myapp/vendor/laravel/framework/src/Illuminate/Database/Console/Seeds/SeedCommand.php(70): Illuminate\\Database\\Eloquent\\Model::unguarded(Object(Closure))
#21 /Applications/MAMP/htdocs/block1/третий блок 2/myapp/vendor/laravel/framework/src/Illuminate/Container/BoundMethod.php(36): Illuminate\\Database\\Console\\Seeds\\SeedCommand->handle()
#22 /Applications/MAMP/htdocs/block1/третий блок 2/myapp/vendor/laravel/framework/src/Illuminate/Container/Util.php(43): Illuminate\\Container\\BoundMethod::{closure:Illuminate\\Container\\BoundMethod::call():35}()
#23 /Applications/MAMP/htdocs/block1/третий блок 2/myapp/vendor/laravel/framework/src/Illuminate/Container/BoundMethod.php(96): Illuminate\\Container\\Util::unwrapIfClosure(Object(Closure))
#24 /Applications/MAMP/htdocs/block1/третий блок 2/myapp/vendor/laravel/framework/src/Illuminate/Container/BoundMethod.php(35): Illuminate\\Container\\BoundMethod::callBoundMethod(Object(Illuminate\\Foundation\\Application), Array, Object(Closure))
#25 /Applications/MAMP/htdocs/block1/третий блок 2/myapp/vendor/laravel/framework/src/Illuminate/Container/Container.php(836): Illuminate\\Container\\BoundMethod::call(Object(Illuminate\\Foundation\\Application), Array, Array, NULL)
#26 /Applications/MAMP/htdocs/block1/третий блок 2/myapp/vendor/laravel/framework/src/Illuminate/Console/Command.php(211): Illuminate\\Container\\Container->call(Array)
#27 /Applications/MAMP/htdocs/block1/третий блок 2/myapp/vendor/symfony/console/Command/Command.php(318): Illuminate\\Console\\Command->execute(Object(Symfony\\Component\\Console\\Input\\ArgvInput), Object(Illuminate\\Console\\OutputStyle))
#28 /Applications/MAMP/htdocs/block1/третий блок 2/myapp/vendor/laravel/framework/src/Illuminate/Console/Command.php(180): Symfony\\Component\\Console\\Command\\Command->run(Object(Symfony\\Component\\Console\\Input\\ArgvInput), Object(Illuminate\\Console\\OutputStyle))
#29 /Applications/MAMP/htdocs/block1/третий блок 2/myapp/vendor/symfony/console/Application.php(1073): Illuminate\\Console\\Command->run(Object(Symfony\\Component\\Console\\Input\\ArgvInput), Object(Symfony\\Component\\Console\\Output\\ConsoleOutput))
#30 /Applications/MAMP/htdocs/block1/третий блок 2/myapp/vendor/symfony/console/Application.php(356): Symfony\\Component\\Console\\Application->doRunCommand(Object(Illuminate\\Database\\Console\\Seeds\\SeedCommand), Object(Symfony\\Component\\Console\\Input\\ArgvInput), Object(Symfony\\Component\\Console\\Output\\ConsoleOutput))
#31 /Applications/MAMP/htdocs/block1/третий блок 2/myapp/vendor/symfony/console/Application.php(195): Symfony\\Component\\Console\\Application->doRun(Object(Symfony\\Component\\Console\\Input\\ArgvInput), Object(Symfony\\Component\\Console\\Output\\ConsoleOutput))
#32 /Applications/MAMP/htdocs/block1/третий блок 2/myapp/vendor/laravel/framework/src/Illuminate/Foundation/Console/Kernel.php(197): Symfony\\Component\\Console\\Application->run(Object(Symfony\\Component\\Console\\Input\\ArgvInput), Object(Symfony\\Component\\Console\\Output\\ConsoleOutput))
#33 /Applications/MAMP/htdocs/block1/третий блок 2/myapp/vendor/laravel/framework/src/Illuminate/Foundation/Application.php(1235): Illuminate\\Foundation\\Console\\Kernel->handle(Object(Symfony\\Component\\Console\\Input\\ArgvInput), Object(Symfony\\Component\\Console\\Output\\ConsoleOutput))
#34 /Applications/MAMP/htdocs/block1/третий блок 2/myapp/artisan(16): Illuminate\\Foundation\\Application->handleCommand(Object(Symfony\\Component\\Console\\Input\\ArgvInput))
#35 {main}
"} 
[2025-11-02 15:10:24] local.ERROR: No arguments expected for "migrate:fresh" command, got "–seed". {"exception":"[object] (Symfony\\Component\\Console\\Exception\\RuntimeException(code: 0): No arguments expected for \"migrate:fresh\" command, got \"–seed\". at /Applications/MAMP/htdocs/block1/третий блок 2/myapp/vendor/symfony/console/Input/ArgvInput.php:199)
[stacktrace]
#0 /Applications/MAMP/htdocs/block1/третий блок 2/myapp/vendor/symfony/console/Input/ArgvInput.php(92): Symfony\\Component\\Console\\Input\\ArgvInput->parseArgument('\\xE2\\x80\\x93seed')
#1 /Applications/MAMP/htdocs/block1/третий блок 2/myapp/vendor/symfony/console/Input/ArgvInput.php(77): Symfony\\Component\\Console\\Input\\ArgvInput->parseToken('\\xE2\\x80\\x93seed', true)
#2 /Applications/MAMP/htdocs/block1/третий блок 2/myapp/vendor/symfony/console/Input/Input.php(53): Symfony\\Component\\Console\\Input\\ArgvInput->parse()
#3 /Applications/MAMP/htdocs/block1/третий блок 2/myapp/vendor/symfony/console/Command/Command.php(276): Symfony\\Component\\Console\\Input\\Input->bind(Object(Symfony\\Component\\Console\\Input\\InputDefinition))
#4 /Applications/MAMP/htdocs/block1/третий блок 2/myapp/vendor/laravel/framework/src/Illuminate/Console/Command.php(180): Symfony\\Component\\Console\\Command\\Command->run(Object(Symfony\\Component\\Console\\Input\\ArgvInput), Object(Illuminate\\Console\\OutputStyle))
#5 /Applications/MAMP/htdocs/block1/третий блок 2/myapp/vendor/symfony/console/Application.php(1073): Illuminate\\Console\\Command->run(Object(Symfony\\Component\\Console\\Input\\ArgvInput), Object(Symfony\\Component\\Console\\Output\\ConsoleOutput))
#6 /Applications/MAMP/htdocs/block1/третий блок 2/myapp/vendor/symfony/console/Application.php(356): Symfony\\Component\\Console\\Application->doRunCommand(Object(Illuminate\\Database\\Console\\Migrations\\FreshCommand), Object(Symfony\\Component\\Console\\Input\\ArgvInput), Object(Symfony\\Component\\Console\\Output\\ConsoleOutput))
#7 /Applications/MAMP/htdocs/block1/третий блок 2/myapp/vendor/symfony/console/Application.php(195): Symfony\\Component\\Console\\Application->doRun(Object(Symfony\\Component\\Console\\Input\\ArgvInput), Object(Symfony\\Component\\Console\\Output\\ConsoleOutput))
#8 /Applications/MAMP/htdocs/block1/третий блок 2/myapp/vendor/laravel/framework/src/Illuminate/Foundation/Console/Kernel.php(197): Symfony\\Component\\Console\\Application->run(Object(Symfony\\Component\\Console\\Input\\ArgvInput), Object(Symfony\\Component\\Console\\Output\\ConsoleOutput))
#9 /Applications/MAMP/htdocs/block1/третий блок 2/myapp/vendor/laravel/framework/src/Illuminate/Foundation/Application.php(1235): Illuminate\\Foundation\\Console\\Kernel->handle(Object(Symfony\\Component\\Console\\Input\\ArgvInput), Object(Symfony\\Component\\Console\\Output\\ConsoleOutput))
#10 /Applications/MAMP/htdocs/block1/третий блок 2/myapp/artisan(16): Illuminate\\Foundation\\Application->handleCommand(Object(Symfony\\Component\\Console\\Input\\ArgvInput))
#11 {main}
"} 
[2025-11-02 15:10:54] local.ERROR: Пароль должен быть от 6 до 20 символов. {"exception":"[object] (InvalidArgumentException(code: 0): Пароль должен быть от 6 до 20 символов. at /Applications/MAMP/htdocs/block1/третий блок 2/myapp/app/Models/User.php:57)
[stacktrace]
#0 /Applications/MAMP/htdocs/block1/третий блок 2/myapp/vendor/laravel/framework/src/Illuminate/Database/Eloquent/Concerns/HasAttributes.php(1160): App\\Models\\User->setPasswordAttribute('$2y$12$JU40Qiqv...')
#1 /Applications/MAMP/htdocs/block1/третий блок 2/myapp/vendor/laravel/framework/src/Illuminate/Database/Eloquent/Concerns/HasAttributes.php(1066): Illuminate\\Database\\Eloquent\\Model->setMutatedAttributeValue('password', '$2y$12$JU40Qiqv...')
#2 /Applications/MAMP/htdocs/block1/третий блок 2/myapp/vendor/laravel/framework/src/Illuminate/Database/Eloquent/Model.php(619): Illuminate\\Database\\Eloquent\\Model->setAttribute('password', '$2y$12$JU40Qiqv...')
#3 /Applications/MAMP/htdocs/block1/третий блок 2/myapp/vendor/laravel/framework/src/Illuminate/Database/Eloquent/Model.php(305): Illuminate\\Database\\Eloquent\\Model->fill(Array)
#4 /Applications/MAMP/htdocs/block1/третий блок 2/myapp/vendor/laravel/framework/src/Illuminate/Database/Eloquent/Factories/Factory.php(854): Illuminate\\Database\\Eloquent\\Model->__construct(Array)
#5 /Applications/MAMP/htdocs/block1/третий блок 2/myapp/vendor/laravel/framework/src/Illuminate/Database/Eloquent/Factories/Factory.php(459): Illuminate\\Database\\Eloquent\\Factories\\Factory->newModel(Array)
#6 /Applications/MAMP/htdocs/block1/третий блок 2/myapp/vendor/laravel/framework/src/Illuminate/Database/Eloquent/Concerns/GuardsAttributes.php(151): Illuminate\\Database\\Eloquent\\Factories\\Factory->{closure:Illuminate\\Database\\Eloquent\\Factories\\Factory::makeInstance():458}()
#7 /Applications/MAMP/htdocs/block1/третий блок 2/myapp/vendor/laravel/framework/src/Illuminate/Database/Eloquent/Factories/Factory.php(458): Illuminate\\Database\\Eloquent\\Model::unguarded(Object(Closure))
#8 /Applications/MAMP/htdocs/block1/третий блок 2/myapp/vendor/laravel/framework/src/Illuminate/Database/Eloquent/Factories/Factory.php(439): Illuminate\\Database\\Eloquent\\Factories\\Factory->makeInstance(NULL)
#9 [internal function]: Illuminate\\Database\\Eloquent\\Factories\\Factory->{closure:Illuminate\\Database\\Eloquent\\Factories\\Factory::make():438}(1)
#10 /Applications/MAMP/htdocs/block1/третий блок 2/myapp/vendor/laravel/framework/src/Illuminate/Database/Eloquent/Factories/Factory.php(438): array_map(Object(Closure), Array)
#11 /Applications/MAMP/htdocs/block1/третий блок 2/myapp/vendor/laravel/framework/src/Illuminate/Database/Eloquent/Factories/Factory.php(318): Illuminate\\Database\\Eloquent\\Factories\\Factory->make(Array, NULL)
#12 /Applications/MAMP/htdocs/block1/третий блок 2/myapp/database/seeders/UserSeeder.php(50): Illuminate\\Database\\Eloquent\\Factories\\Factory->create()
#13 /Applications/MAMP/htdocs/block1/третий блок 2/myapp/vendor/laravel/framework/src/Illuminate/Container/BoundMethod.php(36): Database\\Seeders\\UserSeeder->run()
#14 /Applications/MAMP/htdocs/block1/третий блок 2/myapp/vendor/laravel/framework/src/Illuminate/Container/Util.php(43): Illuminate\\Container\\BoundMethod::{closure:Illuminate\\Container\\BoundMethod::call():35}()
#15 /Applications/MAMP/htdocs/block1/третий блок 2/myapp/vendor/laravel/framework/src/Illuminate/Container/BoundMethod.php(96): Illuminate\\Container\\Util::unwrapIfClosure(Object(Closure))
#16 /Applications/MAMP/htdocs/block1/третий блок 2/myapp/vendor/laravel/framework/src/Illuminate/Container/BoundMethod.php(35): Illuminate\\Container\\BoundMethod::callBoundMethod(Object(Illuminate\\Foundation\\Application), Array, Object(Closure))
#17 /Applications/MAMP/htdocs/block1/третий блок 2/myapp/vendor/laravel/framework/src/Illuminate/Container/Container.php(836): Illuminate\\Container\\BoundMethod::call(Object(Illuminate\\Foundation\\Application), Array, Array, NULL)
#18 /Applications/MAMP/htdocs/block1/третий блок 2/myapp/vendor/laravel/framework/src/Illuminate/Database/Seeder.php(184): Illuminate\\Container\\Container->call(Array, Array)
#19 /Applications/MAMP/htdocs/block1/третий блок 2/myapp/vendor/laravel/framework/src/Illuminate/Database/Seeder.php(193): Illuminate\\Database\\Seeder->{closure:Illuminate\\Database\\Seeder::__invoke():183}()
#20 /Applications/MAMP/htdocs/block1/третий блок 2/myapp/vendor/laravel/framework/src/Illuminate/Database/Seeder.php(59): Illuminate\\Database\\Seeder->__invoke(Array)
#21 /Applications/MAMP/htdocs/block1/третий блок 2/myapp/database/seeders/DatabaseSeeder.php(24): Illuminate\\Database\\Seeder->call('Database\\\\Seeder...')
#22 /Applications/MAMP/htdocs/block1/третий блок 2/myapp/vendor/laravel/framework/src/Illuminate/Container/BoundMethod.php(36): Database\\Seeders\\DatabaseSeeder->run()
#23 /Applications/MAMP/htdocs/block1/третий блок 2/myapp/vendor/laravel/framework/src/Illuminate/Container/Util.php(43): Illuminate\\Container\\BoundMethod::{closure:Illuminate\\Container\\BoundMethod::call():35}()
#24 /Applications/MAMP/htdocs/block1/третий блок 2/myapp/vendor/laravel/framework/src/Illuminate/Container/BoundMethod.php(96): Illuminate\\Container\\Util::unwrapIfClosure(Object(Closure))
#25 /Applications/MAMP/htdocs/block1/третий блок 2/myapp/vendor/laravel/framework/src/Illuminate/Container/BoundMethod.php(35): Illuminate\\Container\\BoundMethod::callBoundMethod(Object(Illuminate\\Foundation\\Application), Array, Object(Closure))
#26 /Applications/MAMP/htdocs/block1/третий блок 2/myapp/vendor/laravel/framework/src/Illuminate/Container/Container.php(836): Illuminate\\Container\\BoundMethod::call(Object(Illuminate\\Foundation\\Application), Array, Array, NULL)
#27 /Applications/MAMP/htdocs/block1/третий блок 2/myapp/vendor/laravel/framework/src/Illuminate/Database/Seeder.php(184): Illuminate\\Container\\Container->call(Array, Array)
#28 /Applications/MAMP/htdocs/block1/третий блок 2/myapp/vendor/laravel/framework/src/Illuminate/Database/Eloquent/Concerns/HasEvents.php(454): Illuminate\\Database\\Seeder->{closure:Illuminate\\Database\\Seeder::__invoke():183}()
#29 /Applications/MAMP/htdocs/block1/третий блок 2/myapp/vendor/laravel/framework/src/Illuminate/Database/Console/Seeds/WithoutModelEvents.php(17): Illuminate\\Database\\Eloquent\\Model::withoutEvents(Object(Closure))
#30 /Applications/MAMP/htdocs/block1/третий блок 2/myapp/vendor/laravel/framework/src/Illuminate/Database/Seeder.php(193): Database\\Seeders\\DatabaseSeeder->{closure:Illuminate\\Database\\Console\\Seeds\\WithoutModelEvents::withoutModelEvents():17}()
#31 /Applications/MAMP/htdocs/block1/третий блок 2/myapp/vendor/laravel/framework/src/Illuminate/Database/Console/Seeds/SeedCommand.php(71): Illuminate\\Database\\Seeder->__invoke()
#32 /Applications/MAMP/htdocs/block1/третий блок 2/myapp/vendor/laravel/framework/src/Illuminate/Database/Eloquent/Concerns/GuardsAttributes.php(157): Illuminate\\Database\\Console\\Seeds\\SeedCommand->{closure:Illuminate\\Database\\Console\\Seeds\\SeedCommand::handle():70}()
#33 /Applications/MAMP/htdocs/block1/третий блок 2/myapp/vendor/laravel/framework/src/Illuminate/Database/Console/Seeds/SeedCommand.php(70): Illuminate\\Database\\Eloquent\\Model::unguarded(Object(Closure))
#34 /Applications/MAMP/htdocs/block1/третий блок 2/myapp/vendor/laravel/framework/src/Illuminate/Container/BoundMethod.php(36): Illuminate\\Database\\Console\\Seeds\\SeedCommand->handle()
#35 /Applications/MAMP/htdocs/block1/третий блок 2/myapp/vendor/laravel/framework/src/Illuminate/Container/Util.php(43): Illuminate\\Container\\BoundMethod::{closure:Illuminate\\Container\\BoundMethod::call():35}()
#36 /Applications/MAMP/htdocs/block1/третий блок 2/myapp/vendor/laravel/framework/src/Illuminate/Container/BoundMethod.php(96): Illuminate\\Container\\Util::unwrapIfClosure(Object(Closure))
#37 /Applications/MAMP/htdocs/block1/третий блок 2/myapp/vendor/laravel/framework/src/Illuminate/Container/BoundMethod.php(35): Illuminate\\Container\\BoundMethod::callBoundMethod(Object(Illuminate\\Foundation\\Application), Array, Object(Closure))
#38 /Applications/MAMP/htdocs/block1/третий блок 2/myapp/vendor/laravel/framework/src/Illuminate/Container/Container.php(836): Illuminate\\Container\\BoundMethod::call(Object(Illuminate\\Foundation\\Application), Array, Array, NULL)
#39 /Applications/MAMP/htdocs/block1/третий блок 2/myapp/vendor/laravel/framework/src/Illuminate/Console/Command.php(211): Illuminate\\Container\\Container->call(Array)
#40 /Applications/MAMP/htdocs/block1/третий блок 2/myapp/vendor/symfony/console/Command/Command.php(318): Illuminate\\Console\\Command->execute(Object(Symfony\\Component\\Console\\Input\\ArgvInput), Object(Illuminate\\Console\\OutputStyle))
#41 /Applications/MAMP/htdocs/block1/третий блок 2/myapp/vendor/laravel/framework/src/Illuminate/Console/Command.php(180): Symfony\\Component\\Console\\Command\\Command->run(Object(Symfony\\Component\\Console\\Input\\ArgvInput), Object(Illuminate\\Console\\OutputStyle))
#42 /Applications/MAMP/htdocs/block1/третий блок 2/myapp/vendor/symfony/console/Application.php(1073): Illuminate\\Console\\Command->run(Object(Symfony\\Component\\Console\\Input\\ArgvInput), Object(Symfony\\Component\\Console\\Output\\ConsoleOutput))
#43 /Applications/MAMP/htdocs/block1/третий блок 2/myapp/vendor/symfony/console/Application.php(356): Symfony\\Component\\Console\\Application->doRunCommand(Object(Illuminate\\Database\\Console\\Seeds\\SeedCommand), Object(Symfony\\Component\\Console\\Input\\ArgvInput), Object(Symfony\\Component\\Console\\Output\\ConsoleOutput))
#44 /Applications/MAMP/htdocs/block1/третий блок 2/myapp/vendor/symfony/console/Application.php(195): Symfony\\Component\\Console\\Application->doRun(Object(Symfony\\Component\\Console\\Input\\ArgvInput), Object(Symfony\\Component\\Console\\Output\\ConsoleOutput))
#45 /Applications/MAMP/htdocs/block1/третий блок 2/myapp/vendor/laravel/framework/src/Illuminate/Foundation/Console/Kernel.php(197): Symfony\\Component\\Console\\Application->run(Object(Symfony\\Component\\Console\\Input\\ArgvInput), Object(Symfony\\Component\\Console\\Output\\ConsoleOutput))
#46 /Applications/MAMP/htdocs/block1/третий блок 2/myapp/vendor/laravel/framework/src/Illuminate/Foundation/Application.php(1235): Illuminate\\Foundation\\Console\\Kernel->handle(Object(Symfony\\Component\\Console\\Input\\ArgvInput), Object(Symfony\\Component\\Console\\Output\\ConsoleOutput))
#47 /Applications/MAMP/htdocs/block1/третий блок 2/myapp/artisan(16): Illuminate\\Foundation\\Application->handleCommand(Object(Symfony\\Component\\Console\\Input\\ArgvInput))
#48 {main}
"} 
[2025-11-02 15:12:48] local.ERROR: SQLSTATE[22001]: String data, right truncated: 1406 Data too long for column 'password' at row 1 (Connection: mysql, SQL: insert into `users` (`name`, `email`, `password`, `role`, `updated_at`, `created_at`) values (Gwen Conroy, napoleon.lind@example.org, $2y$12$zRKLtLTP6W7UJeMKleQiPORKlA7j4qHvkX1WSEmdd1sE789dqDEEm, admin, 2025-11-02 15:12:48, 2025-11-02 15:12:48)) {"exception":"[object] (Illuminate\\Database\\QueryException(code: 22001): SQLSTATE[22001]: String data, right truncated: 1406 Data too long for column 'password' at row 1 (Connection: mysql, SQL: insert into `users` (`name`, `email`, `password`, `role`, `updated_at`, `created_at`) values (Gwen Conroy, napoleon.lind@example.org, $2y$12$zRKLtLTP6W7UJeMKleQiPORKlA7j4qHvkX1WSEmdd1sE789dqDEEm, admin, 2025-11-02 15:12:48, 2025-11-02 15:12:48)) at /Applications/MAMP/htdocs/block1/третий блок 2/myapp/vendor/laravel/framework/src/Illuminate/Database/Connection.php:824)
[stacktrace]
#0 /Applications/MAMP/htdocs/block1/третий блок 2/myapp/vendor/laravel/framework/src/Illuminate/Database/Connection.php(778): Illuminate\\Database\\Connection->runQueryCallback('insert into `us...', Array, Object(Closure))
#1 /Applications/MAMP/htdocs/block1/третий блок 2/myapp/vendor/laravel/framework/src/Illuminate/Database/MySqlConnection.php(42): Illuminate\\Database\\Connection->run('insert into `us...', Array, Object(Closure))
#2 /Applications/MAMP/htdocs/block1/третий блок 2/myapp/vendor/laravel/framework/src/Illuminate/Database/Query/Processors/MySqlProcessor.php(35): Illuminate\\Database\\MySqlConnection->insert('insert into `us...', Array, 'id')
#3 /Applications/MAMP/htdocs/block1/третий блок 2/myapp/vendor/laravel/framework/src/Illuminate/Database/Query/Builder.php(3853): Illuminate\\Database\\Query\\Processors\\MySqlProcessor->processInsertGetId(Object(Illuminate\\Database\\Query\\Builder), 'insert into `us...', Array, 'id')
#4 /Applications/MAMP/htdocs/block1/третий блок 2/myapp/vendor/laravel/framework/src/Illuminate/Database/Eloquent/Builder.php(2235): Illuminate\\Database\\Query\\Builder->insertGetId(Array, 'id')
#5 /Applications/MAMP/htdocs/block1/третий блок 2/myapp/vendor/laravel/framework/src/Illuminate/Database/Eloquent/Model.php(1436): Illuminate\\Database\\Eloquent\\Builder->__call('insertGetId', Array)
#6 /Applications/MAMP/htdocs/block1/третий блок 2/myapp/vendor/laravel/framework/src/Illuminate/Database/Eloquent/Model.php(1401): Illuminate\\Database\\Eloquent\\Model->insertAndSetId(Object(Illuminate\\Database\\Eloquent\\Builder), Array)
#7 /Applications/MAMP/htdocs/block1/третий блок 2/myapp/vendor/laravel/framework/src/Illuminate/Database/Eloquent/Model.php(1240): Illuminate\\Database\\Eloquent\\Model->performInsert(Object(Illuminate\\Database\\Eloquent\\Builder))
#8 /Applications/MAMP/htdocs/block1/третий блок 2/myapp/vendor/laravel/framework/src/Illuminate/Database/Eloquent/Factories/Factory.php(370): Illuminate\\Database\\Eloquent\\Model->save()
#9 /Applications/MAMP/htdocs/block1/третий блок 2/myapp/vendor/laravel/framework/src/Illuminate/Collections/Traits/EnumeratesValues.php(271): Illuminate\\Database\\Eloquent\\Factories\\Factory->{closure:Illuminate\\Database\\Eloquent\\Factories\\Factory::store():365}(Object(App\\Models\\User), 0)
#10 /Applications/MAMP/htdocs/block1/третий блок 2/myapp/vendor/laravel/framework/src/Illuminate/Database/Eloquent/Factories/Factory.php(365): Illuminate\\Support\\Collection->each(Object(Closure))
#11 /Applications/MAMP/htdocs/block1/третий блок 2/myapp/vendor/laravel/framework/src/Illuminate/Database/Eloquent/Factories/Factory.php(325): Illuminate\\Database\\Eloquent\\Factories\\Factory->store(Object(Illuminate\\Database\\Eloquent\\Collection))
#12 /Applications/MAMP/htdocs/block1/третий блок 2/myapp/database/seeders/UserSeeder.php(50): Illuminate\\Database\\Eloquent\\Factories\\Factory->create()
#13 /Applications/MAMP/htdocs/block1/третий блок 2/myapp/vendor/laravel/framework/src/Illuminate/Container/BoundMethod.php(36): Database\\Seeders\\UserSeeder->run()
#14 /Applications/MAMP/htdocs/block1/третий блок 2/myapp/vendor/laravel/framework/src/Illuminate/Container/Util.php(43): Illuminate\\Container\\BoundMethod::{closure:Illuminate\\Container\\BoundMethod::call():35}()
#15 /Applications/MAMP/htdocs/block1/третий блок 2/myapp/vendor/laravel/framework/src/Illuminate/Container/BoundMethod.php(96): Illuminate\\Container\\Util::unwrapIfClosure(Object(Closure))
#16 /Applications/MAMP/htdocs/block1/третий блок 2/myapp/vendor/laravel/framework/src/Illuminate/Container/BoundMethod.php(35): Illuminate\\Container\\BoundMethod::callBoundMethod(Object(Illuminate\\Foundation\\Application), Array, Object(Closure))
#17 /Applications/MAMP/htdocs/block1/третий блок 2/myapp/vendor/laravel/framework/src/Illuminate/Container/Container.php(836): Illuminate\\Container\\BoundMethod::call(Object(Illuminate\\Foundation\\Application), Array, Array, NULL)
#18 /Applications/MAMP/htdocs/block1/третий блок 2/myapp/vendor/laravel/framework/src/Illuminate/Database/Seeder.php(184): Illuminate\\Container\\Container->call(Array, Array)
#19 /Applications/MAMP/htdocs/block1/третий блок 2/myapp/vendor/laravel/framework/src/Illuminate/Database/Seeder.php(193): Illuminate\\Database\\Seeder->{closure:Illuminate\\Database\\Seeder::__invoke():183}()
#20 /Applications/MAMP/htdocs/block1/третий блок 2/myapp/vendor/laravel/framework/src/Illuminate/Database/Seeder.php(59): Illuminate\\Database\\Seeder->__invoke(Array)
#21 /Applications/MAMP/htdocs/block1/третий блок 2/myapp/database/seeders/DatabaseSeeder.php(18): Illuminate\\Database\\Seeder->call('Database\\\\Seeder...')
#22 /Applications/MAMP/htdocs/block1/третий блок 2/myapp/vendor/laravel/framework/src/Illuminate/Container/BoundMethod.php(36): Database\\Seeders\\DatabaseSeeder->run()
#23 /Applications/MAMP/htdocs/block1/третий блок 2/myapp/vendor/laravel/framework/src/Illuminate/Container/Util.php(43): Illuminate\\Container\\BoundMethod::{closure:Illuminate\\Container\\BoundMethod::call():35}()
#24 /Applications/MAMP/htdocs/block1/третий блок 2/myapp/vendor/laravel/framework/src/Illuminate/Container/BoundMethod.php(96): Illuminate\\Container\\Util::unwrapIfClosure(Object(Closure))
#25 /Applications/MAMP/htdocs/block1/третий блок 2/myapp/vendor/laravel/framework/src/Illuminate/Container/BoundMethod.php(35): Illuminate\\Container\\BoundMethod::callBoundMethod(Object(Illuminate\\Foundation\\Application), Array, Object(Closure))
#26 /Applications/MAMP/htdocs/block1/третий блок 2/myapp/vendor/laravel/framework/src/Illuminate/Container/Container.php(836): Illuminate\\Container\\BoundMethod::call(Object(Illuminate\\Foundation\\Application), Array, Array, NULL)
#27 /Applications/MAMP/htdocs/block1/третий блок 2/myapp/vendor/laravel/framework/src/Illuminate/Database/Seeder.php(184): Illuminate\\Container\\Container->call(Array, Array)
#28 /Applications/MAMP/htdocs/block1/третий блок 2/myapp/vendor/laravel/framework/src/Illuminate/Database/Eloquent/Concerns/HasEvents.php(454): Illuminate\\Database\\Seeder->{closure:Illuminate\\Database\\Seeder::__invoke():183}()
#29 /Applications/MAMP/htdocs/block1/третий блок 2/myapp/vendor/laravel/framework/src/Illuminate/Database/Console/Seeds/WithoutModelEvents.php(17): Illuminate\\Database\\Eloquent\\Model::withoutEvents(Object(Closure))
#30 /Applications/MAMP/htdocs/block1/третий блок 2/myapp/vendor/laravel/framework/src/Illuminate/Database/Seeder.php(193): Database\\Seeders\\DatabaseSeeder->{closure:Illuminate\\Database\\Console\\Seeds\\WithoutModelEvents::withoutModelEvents():17}()
#31 /Applications/MAMP/htdocs/block1/третий блок 2/myapp/vendor/laravel/framework/src/Illuminate/Database/Console/Seeds/SeedCommand.php(71): Illuminate\\Database\\Seeder->__invoke()
#32 /Applications/MAMP/htdocs/block1/третий блок 2/myapp/vendor/laravel/framework/src/Illuminate/Database/Eloquent/Concerns/GuardsAttributes.php(157): Illuminate\\Database\\Console\\Seeds\\SeedCommand->{closure:Illuminate\\Database\\Console\\Seeds\\SeedCommand::handle():70}()
#33 /Applications/MAMP/htdocs/block1/третий блок 2/myapp/vendor/laravel/framework/src/Illuminate/Database/Console/Seeds/SeedCommand.php(70): Illuminate\\Database\\Eloquent\\Model::unguarded(Object(Closure))
#34 /Applications/MAMP/htdocs/block1/третий блок 2/myapp/vendor/laravel/framework/src/Illuminate/Container/BoundMethod.php(36): Illuminate\\Database\\Console\\Seeds\\SeedCommand->handle()
#35 /Applications/MAMP/htdocs/block1/третий блок 2/myapp/vendor/laravel/framework/src/Illuminate/Container/Util.php(43): Illuminate\\Container\\BoundMethod::{closure:Illuminate\\Container\\BoundMethod::call():35}()
#36 /Applications/MAMP/htdocs/block1/третий блок 2/myapp/vendor/laravel/framework/src/Illuminate/Container/BoundMethod.php(96): Illuminate\\Container\\Util::unwrapIfClosure(Object(Closure))
#37 /Applications/MAMP/htdocs/block1/третий блок 2/myapp/vendor/laravel/framework/src/Illuminate/Container/BoundMethod.php(35): Illuminate\\Container\\BoundMethod::callBoundMethod(Object(Illuminate\\Foundation\\Application), Array, Object(Closure))
#38 /Applications/MAMP/htdocs/block1/третий блок 2/myapp/vendor/laravel/framework/src/Illuminate/Container/Container.php(836): Illuminate\\Container\\BoundMethod::call(Object(Illuminate\\Foundation\\Application), Array, Array, NULL)
#39 /Applications/MAMP/htdocs/block1/третий блок 2/myapp/vendor/laravel/framework/src/Illuminate/Console/Command.php(211): Illuminate\\Container\\Container->call(Array)
#40 /Applications/MAMP/htdocs/block1/третий блок 2/myapp/vendor/symfony/console/Command/Command.php(318): Illuminate\\Console\\Command->execute(Object(Symfony\\Component\\Console\\Input\\ArgvInput), Object(Illuminate\\Console\\OutputStyle))
#41 /Applications/MAMP/htdocs/block1/третий блок 2/myapp/vendor/laravel/framework/src/Illuminate/Console/Command.php(180): Symfony\\Component\\Console\\Command\\Command->run(Object(Symfony\\Component\\Console\\Input\\ArgvInput), Object(Illuminate\\Console\\OutputStyle))
#42 /Applications/MAMP/htdocs/block1/третий блок 2/myapp/vendor/symfony/console/Application.php(1073): Illuminate\\Console\\Command->run(Object(Symfony\\Component\\Console\\Input\\ArgvInput), Object(Symfony\\Component\\Console\\Output\\ConsoleOutput))
#43 /Applications/MAMP/htdocs/block1/третий блок 2/myapp/vendor/symfony/console/Application.php(356): Symfony\\Component\\Console\\Application->doRunCommand(Object(Illuminate\\Database\\Console\\Seeds\\SeedCommand), Object(Symfony\\Component\\Console\\Input\\ArgvInput), Object(Symfony\\Component\\Console\\Output\\ConsoleOutput))
#44 /Applications/MAMP/htdocs/block1/третий блок 2/myapp/vendor/symfony/console/Application.php(195): Symfony\\Component\\Console\\Application->doRun(Object(Symfony\\Component\\Console\\Input\\ArgvInput), Object(Symfony\\Component\\Console\\Output\\ConsoleOutput))
#45 /Applications/MAMP/htdocs/block1/третий блок 2/myapp/vendor/laravel/framework/src/Illuminate/Foundation/Console/Kernel.php(197): Symfony\\Component\\Console\\Application->run(Object(Symfony\\Component\\Console\\Input\\ArgvInput), Object(Symfony\\Component\\Console\\Output\\ConsoleOutput))
#46 /Applications/MAMP/htdocs/block1/третий блок 2/myapp/vendor/laravel/framework/src/Illuminate/Foundation/Application.php(1235): Illuminate\\Foundation\\Console\\Kernel->handle(Object(Symfony\\Component\\Console\\Input\\ArgvInput), Object(Symfony\\Component\\Console\\Output\\ConsoleOutput))
#47 /Applications/MAMP/htdocs/block1/третий блок 2/myapp/artisan(16): Illuminate\\Foundation\\Application->handleCommand(Object(Symfony\\Component\\Console\\Input\\ArgvInput))
#48 {main}

[previous exception] [object] (PDOException(code: 22001): SQLSTATE[22001]: String data, right truncated: 1406 Data too long for column 'password' at row 1 at /Applications/MAMP/htdocs/block1/третий блок 2/myapp/vendor/laravel/framework/src/Illuminate/Database/MySqlConnection.php:53)
[stacktrace]
#0 /Applications/MAMP/htdocs/block1/третий блок 2/myapp/vendor/laravel/framework/src/Illuminate/Database/MySqlConnection.php(53): PDOStatement->execute()
#1 /Applications/MAMP/htdocs/block1/третий блок 2/myapp/vendor/laravel/framework/src/Illuminate/Database/Connection.php(811): Illuminate\\Database\\MySqlConnection->{closure:Illuminate\\Database\\MySqlConnection::insert():42}('insert into `us...', Array)
#2 /Applications/MAMP/htdocs/block1/третий блок 2/myapp/vendor/laravel/framework/src/Illuminate/Database/Connection.php(778): Illuminate\\Database\\Connection->runQueryCallback('insert into `us...', Array, Object(Closure))
#3 /Applications/MAMP/htdocs/block1/третий блок 2/myapp/vendor/laravel/framework/src/Illuminate/Database/MySqlConnection.php(42): Illuminate\\Database\\Connection->run('insert into `us...', Array, Object(Closure))
#4 /Applications/MAMP/htdocs/block1/третий блок 2/myapp/vendor/laravel/framework/src/Illuminate/Database/Query/Processors/MySqlProcessor.php(35): Illuminate\\Database\\MySqlConnection->insert('insert into `us...', Array, 'id')
#5 /Applications/MAMP/htdocs/block1/третий блок 2/myapp/vendor/laravel/framework/src/Illuminate/Database/Query/Builder.php(3853): Illuminate\\Database\\Query\\Processors\\MySqlProcessor->processInsertGetId(Object(Illuminate\\Database\\Query\\Builder), 'insert into `us...', Array, 'id')
#6 /Applications/MAMP/htdocs/block1/третий блок 2/myapp/vendor/laravel/framework/src/Illuminate/Database/Eloquent/Builder.php(2235): Illuminate\\Database\\Query\\Builder->insertGetId(Array, 'id')
#7 /Applications/MAMP/htdocs/block1/третий блок 2/myapp/vendor/laravel/framework/src/Illuminate/Database/Eloquent/Model.php(1436): Illuminate\\Database\\Eloquent\\Builder->__call('insertGetId', Array)
#8 /Applications/MAMP/htdocs/block1/третий блок 2/myapp/vendor/laravel/framework/src/Illuminate/Database/Eloquent/Model.php(1401): Illuminate\\Database\\Eloquent\\Model->insertAndSetId(Object(Illuminate\\Database\\Eloquent\\Builder), Array)
#9 /Applications/MAMP/htdocs/block1/третий блок 2/myapp/vendor/laravel/framework/src/Illuminate/Database/Eloquent/Model.php(1240): Illuminate\\Database\\Eloquent\\Model->performInsert(Object(Illuminate\\Database\\Eloquent\\Builder))
#10 /Applications/MAMP/htdocs/block1/третий блок 2/myapp/vendor/laravel/framework/src/Illuminate/Database/Eloquent/Factories/Factory.php(370): Illuminate\\Database\\Eloquent\\Model->save()
#11 /Applications/MAMP/htdocs/block1/третий блок 2/myapp/vendor/laravel/framework/src/Illuminate/Collections/Traits/EnumeratesValues.php(271): Illuminate\\Database\\Eloquent\\Factories\\Factory->{closure:Illuminate\\Database\\Eloquent\\Factories\\Factory::store():365}(Object(App\\Models\\User), 0)
#12 /Applications/MAMP/htdocs/block1/третий блок 2/myapp/vendor/laravel/framework/src/Illuminate/Database/Eloquent/Factories/Factory.php(365): Illuminate\\Support\\Collection->each(Object(Closure))
#13 /Applications/MAMP/htdocs/block1/третий блок 2/myapp/vendor/laravel/framework/src/Illuminate/Database/Eloquent/Factories/Factory.php(325): Illuminate\\Database\\Eloquent\\Factories\\Factory->store(Object(Illuminate\\Database\\Eloquent\\Collection))
#14 /Applications/MAMP/htdocs/block1/третий блок 2/myapp/database/seeders/UserSeeder.php(50): Illuminate\\Database\\Eloquent\\Factories\\Factory->create()
#15 /Applications/MAMP/htdocs/block1/третий блок 2/myapp/vendor/laravel/framework/src/Illuminate/Container/BoundMethod.php(36): Database\\Seeders\\UserSeeder->run()
#16 /Applications/MAMP/htdocs/block1/третий блок 2/myapp/vendor/laravel/framework/src/Illuminate/Container/Util.php(43): Illuminate\\Container\\BoundMethod::{closure:Illuminate\\Container\\BoundMethod::call():35}()
#17 /Applications/MAMP/htdocs/block1/третий блок 2/myapp/vendor/laravel/framework/src/Illuminate/Container/BoundMethod.php(96): Illuminate\\Container\\Util::unwrapIfClosure(Object(Closure))
#18 /Applications/MAMP/htdocs/block1/третий блок 2/myapp/vendor/laravel/framework/src/Illuminate/Container/BoundMethod.php(35): Illuminate\\Container\\BoundMethod::callBoundMethod(Object(Illuminate\\Foundation\\Application), Array, Object(Closure))
#19 /Applications/MAMP/htdocs/block1/третий блок 2/myapp/vendor/laravel/framework/src/Illuminate/Container/Container.php(836): Illuminate\\Container\\BoundMethod::call(Object(Illuminate\\Foundation\\Application), Array, Array, NULL)
#20 /Applications/MAMP/htdocs/block1/третий блок 2/myapp/vendor/laravel/framework/src/Illuminate/Database/Seeder.php(184): Illuminate\\Container\\Container->call(Array, Array)
#21 /Applications/MAMP/htdocs/block1/третий блок 2/myapp/vendor/laravel/framework/src/Illuminate/Database/Seeder.php(193): Illuminate\\Database\\Seeder->{closure:Illuminate\\Database\\Seeder::__invoke():183}()
#22 /Applications/MAMP/htdocs/block1/третий блок 2/myapp/vendor/laravel/framework/src/Illuminate/Database/Seeder.php(59): Illuminate\\Database\\Seeder->__invoke(Array)
#23 /Applications/MAMP/htdocs/block1/третий блок 2/myapp/database/seeders/DatabaseSeeder.php(18): Illuminate\\Database\\Seeder->call('Database\\\\Seeder...')
#24 /Applications/MAMP/htdocs/block1/третий блок 2/myapp/vendor/laravel/framework/src/Illuminate/Container/BoundMethod.php(36): Database\\Seeders\\DatabaseSeeder->run()
#25 /Applications/MAMP/htdocs/block1/третий блок 2/myapp/vendor/laravel/framework/src/Illuminate/Container/Util.php(43): Illuminate\\Container\\BoundMethod::{closure:Illuminate\\Container\\BoundMethod::call():35}()
#26 /Applications/MAMP/htdocs/block1/третий блок 2/myapp/vendor/laravel/framework/src/Illuminate/Container/BoundMethod.php(96): Illuminate\\Container\\Util::unwrapIfClosure(Object(Closure))
#27 /Applications/MAMP/htdocs/block1/третий блок 2/myapp/vendor/laravel/framework/src/Illuminate/Container/BoundMethod.php(35): Illuminate\\Container\\BoundMethod::callBoundMethod(Object(Illuminate\\Foundation\\Application), Array, Object(Closure))
#28 /Applications/MAMP/htdocs/block1/третий блок 2/myapp/vendor/laravel/framework/src/Illuminate/Container/Container.php(836): Illuminate\\Container\\BoundMethod::call(Object(Illuminate\\Foundation\\Application), Array, Array, NULL)
#29 /Applications/MAMP/htdocs/block1/третий блок 2/myapp/vendor/laravel/framework/src/Illuminate/Database/Seeder.php(184): Illuminate\\Container\\Container->call(Array, Array)
#30 /Applications/MAMP/htdocs/block1/третий блок 2/myapp/vendor/laravel/framework/src/Illuminate/Database/Eloquent/Concerns/HasEvents.php(454): Illuminate\\Database\\Seeder->{closure:Illuminate\\Database\\Seeder::__invoke():183}()
#31 /Applications/MAMP/htdocs/block1/третий блок 2/myapp/vendor/laravel/framework/src/Illuminate/Database/Console/Seeds/WithoutModelEvents.php(17): Illuminate\\Database\\Eloquent\\Model::withoutEvents(Object(Closure))
#32 /Applications/MAMP/htdocs/block1/третий блок 2/myapp/vendor/laravel/framework/src/Illuminate/Database/Seeder.php(193): Database\\Seeders\\DatabaseSeeder->{closure:Illuminate\\Database\\Console\\Seeds\\WithoutModelEvents::withoutModelEvents():17}()
#33 /Applications/MAMP/htdocs/block1/третий блок 2/myapp/vendor/laravel/framework/src/Illuminate/Database/Console/Seeds/SeedCommand.php(71): Illuminate\\Database\\Seeder->__invoke()
#34 /Applications/MAMP/htdocs/block1/третий блок 2/myapp/vendor/laravel/framework/src/Illuminate/Database/Eloquent/Concerns/GuardsAttributes.php(157): Illuminate\\Database\\Console\\Seeds\\SeedCommand->{closure:Illuminate\\Database\\Console\\Seeds\\SeedCommand::handle():70}()
#35 /Applications/MAMP/htdocs/block1/третий блок 2/myapp/vendor/laravel/framework/src/Illuminate/Database/Console/Seeds/SeedCommand.php(70): Illuminate\\Database\\Eloquent\\Model::unguarded(Object(Closure))
#36 /Applications/MAMP/htdocs/block1/третий блок 2/myapp/vendor/laravel/framework/src/Illuminate/Container/BoundMethod.php(36): Illuminate\\Database\\Console\\Seeds\\SeedCommand->handle()
#37 /Applications/MAMP/htdocs/block1/третий блок 2/myapp/vendor/laravel/framework/src/Illuminate/Container/Util.php(43): Illuminate\\Container\\BoundMethod::{closure:Illuminate\\Container\\BoundMethod::call():35}()
#38 /Applications/MAMP/htdocs/block1/третий блок 2/myapp/vendor/laravel/framework/src/Illuminate/Container/BoundMethod.php(96): Illuminate\\Container\\Util::unwrapIfClosure(Object(Closure))
#39 /Applications/MAMP/htdocs/block1/третий блок 2/myapp/vendor/laravel/framework/src/Illuminate/Container/BoundMethod.php(35): Illuminate\\Container\\BoundMethod::callBoundMethod(Object(Illuminate\\Foundation\\Application), Array, Object(Closure))
#40 /Applications/MAMP/htdocs/block1/третий блок 2/myapp/vendor/laravel/framework/src/Illuminate/Container/Container.php(836): Illuminate\\Container\\BoundMethod::call(Object(Illuminate\\Foundation\\Application), Array, Array, NULL)
#41 /Applications/MAMP/htdocs/block1/третий блок 2/myapp/vendor/laravel/framework/src/Illuminate/Console/Command.php(211): Illuminate\\Container\\Container->call(Array)
#42 /Applications/MAMP/htdocs/block1/третий блок 2/myapp/vendor/symfony/console/Command/Command.php(318): Illuminate\\Console\\Command->execute(Object(Symfony\\Component\\Console\\Input\\ArgvInput), Object(Illuminate\\Console\\OutputStyle))
#43 /Applications/MAMP/htdocs/block1/третий блок 2/myapp/vendor/laravel/framework/src/Illuminate/Console/Command.php(180): Symfony\\Component\\Console\\Command\\Command->run(Object(Symfony\\Component\\Console\\Input\\ArgvInput), Object(Illuminate\\Console\\OutputStyle))
#44 /Applications/MAMP/htdocs/block1/третий блок 2/myapp/vendor/symfony/console/Application.php(1073): Illuminate\\Console\\Command->run(Object(Symfony\\Component\\Console\\Input\\ArgvInput), Object(Symfony\\Component\\Console\\Output\\ConsoleOutput))
#45 /Applications/MAMP/htdocs/block1/третий блок 2/myapp/vendor/symfony/console/Application.php(356): Symfony\\Component\\Console\\Application->doRunCommand(Object(Illuminate\\Database\\Console\\Seeds\\SeedCommand), Object(Symfony\\Component\\Console\\Input\\ArgvInput), Object(Symfony\\Component\\Console\\Output\\ConsoleOutput))
#46 /Applications/MAMP/htdocs/block1/третий блок 2/myapp/vendor/symfony/console/Application.php(195): Symfony\\Component\\Console\\Application->doRun(Object(Symfony\\Component\\Console\\Input\\ArgvInput), Object(Symfony\\Component\\Console\\Output\\ConsoleOutput))
#47 /Applications/MAMP/htdocs/block1/третий блок 2/myapp/vendor/laravel/framework/src/Illuminate/Foundation/Console/Kernel.php(197): Symfony\\Component\\Console\\Application->run(Object(Symfony\\Component\\Console\\Input\\ArgvInput), Object(Symfony\\Component\\Console\\Output\\ConsoleOutput))
#48 /Applications/MAMP/htdocs/block1/третий блок 2/myapp/vendor/laravel/framework/src/Illuminate/Foundation/Application.php(1235): Illuminate\\Foundation\\Console\\Kernel->handle(Object(Symfony\\Component\\Console\\Input\\ArgvInput), Object(Symfony\\Component\\Console\\Output\\ConsoleOutput))
#49 /Applications/MAMP/htdocs/block1/третий блок 2/myapp/artisan(16): Illuminate\\Foundation\\Application->handleCommand(Object(Symfony\\Component\\Console\\Input\\ArgvInput))
#50 {main}
"} 
